dish_id,variant_dish_name,regional_alias_name,english_translated_name,region,state,city_or_district,community_identity,gi_status,gi_tag_details,famousness_tier,dish_type,consumption_type,consumption_time,occasion_description,cooking_method,ingredients_used,dish_image_url,source_type,source_url
Z1-RJ-01,Jaipur Home Style Dal Baati Churma,Home Style Dal Baati Churma,Jaipur Home Style Dal Baati Churma,North,Rajasthan,Jaipur,Rajasthani,NA,NA,Global,Veg,everyday,lunch,,Roasted,"wheat flour, lentils, ghee, jaggery, spices",https://placehold.co/1200x800?text=Dal%20Baati%20Churma,Wikipedia,https://en.wikipedia.org/wiki/Dal_bati_churma
Z1-RJ-01,Jodhpur Street Style Dal Baati Churma,Street Style Dal Baati Churma,Jodhpur Street Style Dal Baati Churma,North,Rajasthan,Jodhpur,Rajasthani,NA,NA,Global,Veg,everyday,snack,,Roasted,"wheat flour, lentils, ghee, jaggery, spices",https://placehold.co/1200x800?text=Dal%20Baati%20Churma,Wikipedia,https://en.wikipedia.org/wiki/Dal_bati_churma
Z1-RJ-01,Udaipur Dhaba Style Dal Baati Churma,Dhaba Style Dal Baati Churma,Udaipur Dhaba Style Dal Baati Churma,North,Rajasthan,Udaipur,Rajasthani,NA,NA,Global,Veg,everyday,lunch,,Roasted,"wheat flour, lentils, ghee, jaggery, spices",https://placehold.co/1200x800?text=Dal%20Baati%20Churma,Wikipedia,https://en.wikipedia.org/wiki/Dal_bati_churma
Z1-RJ-01,Bikaner Tawa Style Dal Baati Churma,Tawa Style Dal Baati Churma,Bikaner Tawa Style Dal Baati Churma,North,Rajasthan,Bikaner,Rajasthani,NA,NA,Global,Veg,everyday,breakfast,,Roasted,"wheat flour, lentils, ghee, jaggery, spices",https://placehold.co/1200x800?text=Dal%20Baati%20Churma,Wikipedia,https://en.wikipedia.org/wiki/Dal_bati_churma
Z1-RJ-01,Jaipur Tandoor Style Dal Baati Churma,Tandoor Style Dal Baati Churma,Jaipur Tandoor Style Dal Baati Churma,North,Rajasthan,Jaipur,Rajasthani,NA,NA,Global,Veg,everyday,dinner,,Roasted,"wheat flour, lentils, ghee, jaggery, spices",https://placehold.co/1200x800?text=Dal%20Baati%20Churma,Wikipedia,https://en.wikipedia.org/wiki/Dal_bati_churma
Z1-RJ-01,Jodhpur Family Thali Dal Baati Churma,Family Thali Dal Baati Churma,Jodhpur Family Thali Dal Baati Churma,North,Rajasthan,Jodhpur,Rajasthani,NA,NA,Global,Veg,everyday,lunch,,Roasted,"wheat flour, lentils, ghee, jaggery, spices",https://placehold.co/1200x800?text=Dal%20Baati%20Churma,Wikipedia,https://en.wikipedia.org/wiki/Dal_bati_churma
Z1-RJ-01,Udaipur Weekend Special Dal Baati Churma,Weekend Special Dal Baati Churma,Udaipur Weekend Special Dal Baati Churma,North,Rajasthan,Udaipur,Rajasthani,NA,NA,Global,Veg,everyday,lunch,,Roasted,"wheat flour, lentils, ghee, jaggery, spices",https://placehold.co/1200x800?text=Dal%20Baati%20Churma,Wikipedia,https://en.wikipedia.org/wiki/Dal_bati_churma
Z1-RJ-01,Bikaner Village Plate Dal Baati Churma,Village Plate Dal Baati Churma,Bikaner Village Plate Dal Baati Churma,North,Rajasthan,Bikaner,Rajasthani,NA,NA,Global,Veg,everyday,dinner,,Roasted,"wheat flour, lentils, ghee, jaggery, spices",https://placehold.co/1200x800?text=Dal%20Baati%20Churma,Wikipedia,https://en.wikipedia.org/wiki/Dal_bati_churma
Z1-RJ-01,Jaipur Packed Lunch Dal Baati Churma,Packed Lunch Dal Baati Churma,Jaipur Packed Lunch Dal Baati Churma,North,Rajasthan,Jaipur,Rajasthani,NA,NA,Global,Veg,everyday,lunch,,Roasted,"wheat flour, lentils, ghee, jaggery, spices",https://placehold.co/1200x800?text=Dal%20Baati%20Churma,Wikipedia,https://en.wikipedia.org/wiki/Dal_bati_churma
Z1-RJ-01,Jodhpur Late-Night Stall Dal Baati Churma,Late-Night Stall Dal Baati Churma,Jodhpur Late-Night Stall Dal Baati Churma,North,Rajasthan,Jodhpur,Rajasthani,NA,NA,Global,Veg,everyday,snack,,Roasted,"wheat flour, lentils, ghee, jaggery, spices",https://placehold.co/1200x800?text=Dal%20Baati%20Churma,Wikipedia,https://en.wikipedia.org/wiki/Dal_bati_churma
Z1-RJ-01,Udaipur Tea-Time Plate Dal Baati Churma,Tea-Time Plate Dal Baati Churma,Udaipur Tea-Time Plate Dal Baati Churma,North,Rajasthan,Udaipur,Rajasthani,NA,NA,Global,Veg,everyday,snack,,Roasted,"wheat flour, lentils, ghee, jaggery, spices",https://placehold.co/1200x800?text=Dal%20Baati%20Churma,Wikipedia,https://en.wikipedia.org/wiki/Dal_bati_churma
Z1-RJ-01,Bikaner Winter Bowl Dal Baati Churma,Winter Bowl Dal Baati Churma,Bikaner Winter Bowl Dal Baati Churma,North,Rajasthan,Bikaner,Rajasthani,NA,NA,Global,Veg,everyday,dinner,,Roasted,"wheat flour, lentils, ghee, jaggery, spices",https://placehold.co/1200x800?text=Dal%20Baati%20Churma,Wikipedia,https://en.wikipedia.org/wiki/Dal_bati_churma
Z1-RJ-01,Jaipur Summer Plate Dal Baati Churma,Summer Plate Dal Baati Churma,Jaipur Summer Plate Dal Baati Churma,North,Rajasthan,Jaipur,Rajasthani,NA,NA,Global,Veg,everyday,lunch,,Roasted,"wheat flour, lentils, ghee, jaggery, spices",https://placehold.co/1200x800?text=Dal%20Baati%20Churma,Wikipedia,https://en.wikipedia.org/wiki/Dal_bati_churma
Z1-RJ-01,Jodhpur Smoky Pot Dal Baati Churma,Smoky Pot Dal Baati Churma,Jodhpur Smoky Pot Dal Baati Churma,North,Rajasthan,Jodhpur,Rajasthani,NA,NA,Global,Veg,everyday,dinner,,Roasted,"wheat flour, lentils, ghee, jaggery, spices",https://placehold.co/1200x800?text=Dal%20Baati%20Churma,Wikipedia,https://en.wikipedia.org/wiki/Dal_bati_churma
Z1-RJ-01,Udaipur Crisp Skillet Dal Baati Churma,Crisp Skillet Dal Baati Churma,Udaipur Crisp Skillet Dal Baati Churma,North,Rajasthan,Udaipur,Rajasthani,NA,NA,Global,Veg,everyday,snack,,Roasted,"wheat flour, lentils, ghee, jaggery, spices",https://placehold.co/1200x800?text=Dal%20Baati%20Churma,Wikipedia,https://en.wikipedia.org/wiki/Dal_bati_churma
Z1-RJ-01,Bikaner Millet Bowl Dal Baati Churma,Millet Bowl Dal Baati Churma,Bikaner Millet Bowl Dal Baati Churma,North,Rajasthan,Bikaner,Rajasthani,NA,NA,Global,Veg,everyday,breakfast,,Roasted,"wheat flour, lentils, ghee, jaggery, spices",https://placehold.co/1200x800?text=Dal%20Baati%20Churma,Wikipedia,https://en.wikipedia.org/wiki/Dal_bati_churma
Z1-RJ-01,Jaipur Picnic Pack Dal Baati Churma,Picnic Pack Dal Baati Churma,Jaipur Picnic Pack Dal Baati Churma,North,Rajasthan,Jaipur,Rajasthani,NA,NA,Global,Veg,everyday,lunch,,Roasted,"wheat flour, lentils, ghee, jaggery, spices",https://placehold.co/1200x800?text=Dal%20Baati%20Churma,Wikipedia,https://en.wikipedia.org/wiki/Dal_bati_churma
Z1-RJ-01,Jodhpur Monsoon Plate Dal Baati Churma,Monsoon Plate Dal Baati Churma,Jodhpur Monsoon Plate Dal Baati Churma,North,Rajasthan,Jodhpur,Rajasthani,NA,NA,Global,Veg,everyday,snack,,Roasted,"wheat flour, lentils, ghee, jaggery, spices",https://placehold.co/1200x800?text=Dal%20Baati%20Churma,Wikipedia,https://en.wikipedia.org/wiki/Dal_bati_churma
Z1-RJ-01,Udaipur Copper Pot Version Dal Baati Churma,Copper Pot Version Dal Baati Churma,Udaipur Copper Pot Version Dal Baati Churma,North,Rajasthan,Udaipur,Rajasthani,NA,NA,Global,Veg,everyday,dinner,,Roasted,"wheat flour, lentils, ghee, jaggery, spices",https://placehold.co/1200x800?text=Dal%20Baati%20Churma,Wikipedia,https://en.wikipedia.org/wiki/Dal_bati_churma
Z1-RJ-01,Bikaner Earth-Oven Batch Dal Baati Churma,Earth-Oven Batch Dal Baati Churma,Bikaner Earth-Oven Batch Dal Baati Churma,North,Rajasthan,Bikaner,Rajasthani,NA,NA,Global,Veg,everyday,lunch,,Roasted,"wheat flour, lentils, ghee, jaggery, spices",https://placehold.co/1200x800?text=Dal%20Baati%20Churma,Wikipedia,https://en.wikipedia.org/wiki/Dal_bati_churma
Z1-RJ-01,Jaipur Comfort Meal Dal Baati Churma,Comfort Meal Dal Baati Churma,Jaipur Comfort Meal Dal Baati Churma,North,Rajasthan,Jaipur,Rajasthani,NA,NA,Global,Veg,everyday,dinner,,Roasted,"wheat flour, lentils, ghee, jaggery, spices",https://placehold.co/1200x800?text=Dal%20Baati%20Churma,Wikipedia,https://en.wikipedia.org/wiki/Dal_bati_churma
Z1-RJ-01,Jodhpur Market Special Dal Baati Churma,Market Special Dal Baati Churma,Jodhpur Market Special Dal Baati Churma,North,Rajasthan,Jodhpur,Rajasthani,NA,NA,Global,Veg,everyday,snack,,Roasted,"wheat flour, lentils, ghee, jaggery, spices",https://placehold.co/1200x800?text=Dal%20Baati%20Churma,Wikipedia,https://en.wikipedia.org/wiki/Dal_bati_churma
Z1-RJ-01,Udaipur Soft Set Dal Baati Churma,Soft Set Dal Baati Churma,Udaipur Soft Set Dal Baati Churma,North,Rajasthan,Udaipur,Rajasthani,NA,NA,Global,Veg,everyday,breakfast,,Roasted,"wheat flour, lentils, ghee, jaggery, spices",https://placehold.co/1200x800?text=Dal%20Baati%20Churma,Wikipedia,https://en.wikipedia.org/wiki/Dal_bati_churma
Z1-RJ-01,Bikaner Flaky Version Dal Baati Churma,Flaky Version Dal Baati Churma,Bikaner Flaky Version Dal Baati Churma,North,Rajasthan,Bikaner,Rajasthani,NA,NA,Global,Veg,everyday,breakfast,,Roasted,"wheat flour, lentils, ghee, jaggery, spices",https://placehold.co/1200x800?text=Dal%20Baati%20Churma,Wikipedia,https://en.wikipedia.org/wiki/Dal_bati_churma
Z1-RJ-01,Jaipur Rich Gravy Bowl Dal Baati Churma,Rich Gravy Bowl Dal Baati Churma,Jaipur Rich Gravy Bowl Dal Baati Churma,North,Rajasthan,Jaipur,Rajasthani,NA,NA,Global,Veg,everyday,dinner,,Roasted,"wheat flour, lentils, ghee, jaggery, spices",https://placehold.co/1200x800?text=Dal%20Baati%20Churma,Wikipedia,https://en.wikipedia.org/wiki/Dal_bati_churma
Z1-RJ-01,Jodhpur Travel-Friendly Pack Dal Baati Churma,Travel-Friendly Pack Dal Baati Churma,Jodhpur Travel-Friendly Pack Dal Baati Churma,North,Rajasthan,Jodhpur,Rajasthani,NA,NA,Global,Veg,everyday,lunch,,Roasted,"wheat flour, lentils, ghee, jaggery, spices",https://placehold.co/1200x800?text=Dal%20Baati%20Churma,Wikipedia,https://en.wikipedia.org/wiki/Dal_bati_churma
Z1-RJ-01,Udaipur Rustic Bowl Dal Baati Churma,Rustic Bowl Dal Baati Churma,Udaipur Rustic Bowl Dal Baati Churma,North,Rajasthan,Udaipur,Rajasthani,NA,NA,Global,Veg,everyday,dinner,,Roasted,"wheat flour, lentils, ghee, jaggery, spices",https://placehold.co/1200x800?text=Dal%20Baati%20Churma,Wikipedia,https://en.wikipedia.org/wiki/Dal_bati_churma
Z1-RJ-01,Bikaner Festival Plate Dal Baati Churma,Festival Plate Dal Baati Churma,Bikaner Festival Plate Dal Baati Churma,North,Rajasthan,Bikaner,Rajasthani,NA,NA,Global,Veg,occasional,,Prepared during regional festivals and family gatherings.,Roasted,"wheat flour, lentils, ghee, jaggery, spices",https://placehold.co/1200x800?text=Dal%20Baati%20Churma,Wikipedia,https://en.wikipedia.org/wiki/Dal_bati_churma
Z1-RJ-01,Jaipur Heritage Platter Dal Baati Churma,Heritage Platter Dal Baati Churma,Jaipur Heritage Platter Dal Baati Churma,North,Rajasthan,Jaipur,Rajasthani,NA,NA,Global,Veg,occasional,,Served as a heritage-style preparation on special occasions.,Roasted,"wheat flour, lentils, ghee, jaggery, spices",https://placehold.co/1200x800?text=Dal%20Baati%20Churma,Wikipedia,https://en.wikipedia.org/wiki/Dal_bati_churma
Z1-RJ-01,Jodhpur Royal Spread Dal Baati Churma,Royal Spread Dal Baati Churma,Jodhpur Royal Spread Dal Baati Churma,North,Rajasthan,Jodhpur,Rajasthani,NA,NA,Global,Veg,occasional,,Associated with ceremonial and royal-style meals.,Roasted,"wheat flour, lentils, ghee, jaggery, spices",https://placehold.co/1200x800?text=Dal%20Baati%20Churma,Wikipedia,https://en.wikipedia.org/wiki/Dal_bati_churma
Z1-RJ-01,Udaipur Family Feast Dal Baati Churma,Family Feast Dal Baati Churma,Udaipur Family Feast Dal Baati Churma,North,Rajasthan,Udaipur,Rajasthani,NA,NA,Global,Veg,occasional,,Prepared for family celebrations and large community meals.,Roasted,"wheat flour, lentils, ghee, jaggery, spices",https://placehold.co/1200x800?text=Dal%20Baati%20Churma,Wikipedia,https://en.wikipedia.org/wiki/Dal_bati_churma
Z1-RJ-01,Bikaner Courtyard Feast Dal Baati Churma,Courtyard Feast Dal Baati Churma,Bikaner Courtyard Feast Dal Baati Churma,North,Rajasthan,Bikaner,Rajasthani,NA,NA,Global,Veg,occasional,,Prepared for courtyard gatherings and festive hosting.,Roasted,"wheat flour, lentils, ghee, jaggery, spices",https://placehold.co/1200x800?text=Dal%20Baati%20Churma,Wikipedia,https://en.wikipedia.org/wiki/Dal_bati_churma
Z1-RJ-01,Jaipur Heritage Bowl Dal Baati Churma,Heritage Bowl Dal Baati Churma,Jaipur Heritage Bowl Dal Baati Churma,North,Rajasthan,Jaipur,Rajasthani,NA,NA,Global,Veg,occasional,,An old-style bowl served during commemorative feasts.,Roasted,"wheat flour, lentils, ghee, jaggery, spices",https://placehold.co/1200x800?text=Dal%20Baati%20Churma,Wikipedia,https://en.wikipedia.org/wiki/Dal_bati_churma
Z1-RJ-01,Jodhpur Celebration Tray Dal Baati Churma,Celebration Tray Dal Baati Churma,Jodhpur Celebration Tray Dal Baati Churma,North,Rajasthan,Jodhpur,Rajasthani,NA,NA,Global,Veg,occasional,,A celebratory tray served during weddings or major festivals.,Roasted,"wheat flour, lentils, ghee, jaggery, spices",https://placehold.co/1200x800?text=Dal%20Baati%20Churma,Wikipedia,https://en.wikipedia.org/wiki/Dal_bati_churma
Z1-RJ-01,Udaipur Evening Snack Dal Baati Churma,Evening Snack Dal Baati Churma,Udaipur Evening Snack Dal Baati Churma,North,Rajasthan,Udaipur,Rajasthani,NA,NA,Global,Veg,everyday,snack,,Roasted,"wheat flour, lentils, ghee, jaggery, spices",https://placehold.co/1200x800?text=Dal%20Baati%20Churma,Wikipedia,https://en.wikipedia.org/wiki/Dal_bati_churma
Z1-RJ-01,Bikaner Lodge Meal Dal Baati Churma,Lodge Meal Dal Baati Churma,Bikaner Lodge Meal Dal Baati Churma,North,Rajasthan,Bikaner,Rajasthani,NA,NA,Global,Veg,everyday,dinner,,Roasted,"wheat flour, lentils, ghee, jaggery, spices",https://placehold.co/1200x800?text=Dal%20Baati%20Churma,Wikipedia,https://en.wikipedia.org/wiki/Dal_bati_churma
Z1-RJ-01,Jaipur Soft Tiffin Dal Baati Churma,Soft Tiffin Dal Baati Churma,Jaipur Soft Tiffin Dal Baati Churma,North,Rajasthan,Jaipur,Rajasthani,NA,NA,Global,Veg,everyday,lunch,,Roasted,"wheat flour, lentils, ghee, jaggery, spices",https://placehold.co/1200x800?text=Dal%20Baati%20Churma,Wikipedia,https://en.wikipedia.org/wiki/Dal_bati_churma
Z1-RJ-01,Jodhpur Quick Serve Dal Baati Churma,Quick Serve Dal Baati Churma,Jodhpur Quick Serve Dal Baati Churma,North,Rajasthan,Jodhpur,Rajasthani,NA,NA,Global,Veg,everyday,breakfast,,Roasted,"wheat flour, lentils, ghee, jaggery, spices",https://placehold.co/1200x800?text=Dal%20Baati%20Churma,Wikipedia,https://en.wikipedia.org/wiki/Dal_bati_churma
Z1-RJ-01,Udaipur Courtyard Plate Dal Baati Churma,Courtyard Plate Dal Baati Churma,Udaipur Courtyard Plate Dal Baati Churma,North,Rajasthan,Udaipur,Rajasthani,NA,NA,Global,Veg,everyday,lunch,,Roasted,"wheat flour, lentils, ghee, jaggery, spices",https://placehold.co/1200x800?text=Dal%20Baati%20Churma,Wikipedia,https://en.wikipedia.org/wiki/Dal_bati_churma
Z1-RJ-02,Jodhpur Home Style Laal Maas,Home Style Red Mutton Curry,Jodhpur Home Style Laal Maas,North,Rajasthan,Jodhpur,Rajasthani,NA,NA,Global,Non-Veg,everyday,lunch,,Simmered/Stewed,"mutton, red chili, yogurt, garlic, ghee, spices",https://placehold.co/1200x800?text=Laal%20Maas,Wikipedia,https://en.wikipedia.org/wiki/Laal_maans
Z1-RJ-02,Udaipur Street Style Laal Maas,Street Style Red Mutton Curry,Udaipur Street Style Laal Maas,North,Rajasthan,Udaipur,Rajasthani,NA,NA,Global,Non-Veg,everyday,snack,,Simmered/Stewed,"mutton, red chili, yogurt, garlic, ghee, spices",https://placehold.co/1200x800?text=Laal%20Maas,Wikipedia,https://en.wikipedia.org/wiki/Laal_maans
Z1-RJ-02,Bikaner Dhaba Style Laal Maas,Dhaba Style Red Mutton Curry,Bikaner Dhaba Style Laal Maas,North,Rajasthan,Bikaner,Rajasthani,NA,NA,Global,Non-Veg,everyday,lunch,,Simmered/Stewed,"mutton, red chili, yogurt, garlic, ghee, spices",https://placehold.co/1200x800?text=Laal%20Maas,Wikipedia,https://en.wikipedia.org/wiki/Laal_maans
Z1-RJ-02,Jaipur Tawa Style Laal Maas,Tawa Style Red Mutton Curry,Jaipur Tawa Style Laal Maas,North,Rajasthan,Jaipur,Rajasthani,NA,NA,Global,Non-Veg,everyday,breakfast,,Simmered/Stewed,"mutton, red chili, yogurt, garlic, ghee, spices",https://placehold.co/1200x800?text=Laal%20Maas,Wikipedia,https://en.wikipedia.org/wiki/Laal_maans
Z1-RJ-02,Jodhpur Tandoor Style Laal Maas,Tandoor Style Red Mutton Curry,Jodhpur Tandoor Style Laal Maas,North,Rajasthan,Jodhpur,Rajasthani,NA,NA,Global,Non-Veg,everyday,dinner,,Simmered/Stewed,"mutton, red chili, yogurt, garlic, ghee, spices",https://placehold.co/1200x800?text=Laal%20Maas,Wikipedia,https://en.wikipedia.org/wiki/Laal_maans
Z1-RJ-02,Udaipur Family Thali Laal Maas,Family Thali Red Mutton Curry,Udaipur Family Thali Laal Maas,North,Rajasthan,Udaipur,Rajasthani,NA,NA,Global,Non-Veg,everyday,lunch,,Simmered/Stewed,"mutton, red chili, yogurt, garlic, ghee, spices",https://placehold.co/1200x800?text=Laal%20Maas,Wikipedia,https://en.wikipedia.org/wiki/Laal_maans
Z1-RJ-02,Bikaner Weekend Special Laal Maas,Weekend Special Red Mutton Curry,Bikaner Weekend Special Laal Maas,North,Rajasthan,Bikaner,Rajasthani,NA,NA,Global,Non-Veg,everyday,lunch,,Simmered/Stewed,"mutton, red chili, yogurt, garlic, ghee, spices",https://placehold.co/1200x800?text=Laal%20Maas,Wikipedia,https://en.wikipedia.org/wiki/Laal_maans
Z1-RJ-02,Jaipur Village Plate Laal Maas,Village Plate Red Mutton Curry,Jaipur Village Plate Laal Maas,North,Rajasthan,Jaipur,Rajasthani,NA,NA,Global,Non-Veg,everyday,dinner,,Simmered/Stewed,"mutton, red chili, yogurt, garlic, ghee, spices",https://placehold.co/1200x800?text=Laal%20Maas,Wikipedia,https://en.wikipedia.org/wiki/Laal_maans
Z1-RJ-02,Jodhpur Packed Lunch Laal Maas,Packed Lunch Red Mutton Curry,Jodhpur Packed Lunch Laal Maas,North,Rajasthan,Jodhpur,Rajasthani,NA,NA,Global,Non-Veg,everyday,lunch,,Simmered/Stewed,"mutton, red chili, yogurt, garlic, ghee, spices",https://placehold.co/1200x800?text=Laal%20Maas,Wikipedia,https://en.wikipedia.org/wiki/Laal_maans
Z1-RJ-02,Udaipur Late-Night Stall Laal Maas,Late-Night Stall Red Mutton Curry,Udaipur Late-Night Stall Laal Maas,North,Rajasthan,Udaipur,Rajasthani,NA,NA,Global,Non-Veg,everyday,snack,,Simmered/Stewed,"mutton, red chili, yogurt, garlic, ghee, spices",https://placehold.co/1200x800?text=Laal%20Maas,Wikipedia,https://en.wikipedia.org/wiki/Laal_maans
Z1-RJ-02,Bikaner Tea-Time Plate Laal Maas,Tea-Time Plate Red Mutton Curry,Bikaner Tea-Time Plate Laal Maas,North,Rajasthan,Bikaner,Rajasthani,NA,NA,Global,Non-Veg,everyday,snack,,Simmered/Stewed,"mutton, red chili, yogurt, garlic, ghee, spices",https://placehold.co/1200x800?text=Laal%20Maas,Wikipedia,https://en.wikipedia.org/wiki/Laal_maans
Z1-RJ-02,Jaipur Winter Bowl Laal Maas,Winter Bowl Red Mutton Curry,Jaipur Winter Bowl Laal Maas,North,Rajasthan,Jaipur,Rajasthani,NA,NA,Global,Non-Veg,everyday,dinner,,Simmered/Stewed,"mutton, red chili, yogurt, garlic, ghee, spices",https://placehold.co/1200x800?text=Laal%20Maas,Wikipedia,https://en.wikipedia.org/wiki/Laal_maans
Z1-RJ-02,Jodhpur Summer Plate Laal Maas,Summer Plate Red Mutton Curry,Jodhpur Summer Plate Laal Maas,North,Rajasthan,Jodhpur,Rajasthani,NA,NA,Global,Non-Veg,everyday,lunch,,Simmered/Stewed,"mutton, red chili, yogurt, garlic, ghee, spices",https://placehold.co/1200x800?text=Laal%20Maas,Wikipedia,https://en.wikipedia.org/wiki/Laal_maans
Z1-RJ-02,Udaipur Smoky Pot Laal Maas,Smoky Pot Red Mutton Curry,Udaipur Smoky Pot Laal Maas,North,Rajasthan,Udaipur,Rajasthani,NA,NA,Global,Non-Veg,everyday,dinner,,Simmered/Stewed,"mutton, red chili, yogurt, garlic, ghee, spices",https://placehold.co/1200x800?text=Laal%20Maas,Wikipedia,https://en.wikipedia.org/wiki/Laal_maans
Z1-RJ-02,Bikaner Crisp Skillet Laal Maas,Crisp Skillet Red Mutton Curry,Bikaner Crisp Skillet Laal Maas,North,Rajasthan,Bikaner,Rajasthani,NA,NA,Global,Non-Veg,everyday,snack,,Simmered/Stewed,"mutton, red chili, yogurt, garlic, ghee, spices",https://placehold.co/1200x800?text=Laal%20Maas,Wikipedia,https://en.wikipedia.org/wiki/Laal_maans
Z1-RJ-02,Jaipur Millet Bowl Laal Maas,Millet Bowl Red Mutton Curry,Jaipur Millet Bowl Laal Maas,North,Rajasthan,Jaipur,Rajasthani,NA,NA,Global,Non-Veg,everyday,breakfast,,Simmered/Stewed,"mutton, red chili, yogurt, garlic, ghee, spices",https://placehold.co/1200x800?text=Laal%20Maas,Wikipedia,https://en.wikipedia.org/wiki/Laal_maans
Z1-RJ-02,Jodhpur Picnic Pack Laal Maas,Picnic Pack Red Mutton Curry,Jodhpur Picnic Pack Laal Maas,North,Rajasthan,Jodhpur,Rajasthani,NA,NA,Global,Non-Veg,everyday,lunch,,Simmered/Stewed,"mutton, red chili, yogurt, garlic, ghee, spices",https://placehold.co/1200x800?text=Laal%20Maas,Wikipedia,https://en.wikipedia.org/wiki/Laal_maans
Z1-RJ-02,Udaipur Monsoon Plate Laal Maas,Monsoon Plate Red Mutton Curry,Udaipur Monsoon Plate Laal Maas,North,Rajasthan,Udaipur,Rajasthani,NA,NA,Global,Non-Veg,everyday,snack,,Simmered/Stewed,"mutton, red chili, yogurt, garlic, ghee, spices",https://placehold.co/1200x800?text=Laal%20Maas,Wikipedia,https://en.wikipedia.org/wiki/Laal_maans
Z1-RJ-02,Bikaner Copper Pot Version Laal Maas,Copper Pot Version Red Mutton Curry,Bikaner Copper Pot Version Laal Maas,North,Rajasthan,Bikaner,Rajasthani,NA,NA,Global,Non-Veg,everyday,dinner,,Simmered/Stewed,"mutton, red chili, yogurt, garlic, ghee, spices",https://placehold.co/1200x800?text=Laal%20Maas,Wikipedia,https://en.wikipedia.org/wiki/Laal_maans
Z1-RJ-02,Jaipur Earth-Oven Batch Laal Maas,Earth-Oven Batch Red Mutton Curry,Jaipur Earth-Oven Batch Laal Maas,North,Rajasthan,Jaipur,Rajasthani,NA,NA,Global,Non-Veg,everyday,lunch,,Simmered/Stewed,"mutton, red chili, yogurt, garlic, ghee, spices",https://placehold.co/1200x800?text=Laal%20Maas,Wikipedia,https://en.wikipedia.org/wiki/Laal_maans
Z1-RJ-02,Jodhpur Comfort Meal Laal Maas,Comfort Meal Red Mutton Curry,Jodhpur Comfort Meal Laal Maas,North,Rajasthan,Jodhpur,Rajasthani,NA,NA,Global,Non-Veg,everyday,dinner,,Simmered/Stewed,"mutton, red chili, yogurt, garlic, ghee, spices",https://placehold.co/1200x800?text=Laal%20Maas,Wikipedia,https://en.wikipedia.org/wiki/Laal_maans
Z1-RJ-02,Udaipur Market Special Laal Maas,Market Special Red Mutton Curry,Udaipur Market Special Laal Maas,North,Rajasthan,Udaipur,Rajasthani,NA,NA,Global,Non-Veg,everyday,snack,,Simmered/Stewed,"mutton, red chili, yogurt, garlic, ghee, spices",https://placehold.co/1200x800?text=Laal%20Maas,Wikipedia,https://en.wikipedia.org/wiki/Laal_maans
Z1-RJ-02,Bikaner Soft Set Laal Maas,Soft Set Red Mutton Curry,Bikaner Soft Set Laal Maas,North,Rajasthan,Bikaner,Rajasthani,NA,NA,Global,Non-Veg,everyday,breakfast,,Simmered/Stewed,"mutton, red chili, yogurt, garlic, ghee, spices",https://placehold.co/1200x800?text=Laal%20Maas,Wikipedia,https://en.wikipedia.org/wiki/Laal_maans
Z1-RJ-02,Jaipur Flaky Version Laal Maas,Flaky Version Red Mutton Curry,Jaipur Flaky Version Laal Maas,North,Rajasthan,Jaipur,Rajasthani,NA,NA,Global,Non-Veg,everyday,breakfast,,Simmered/Stewed,"mutton, red chili, yogurt, garlic, ghee, spices",https://placehold.co/1200x800?text=Laal%20Maas,Wikipedia,https://en.wikipedia.org/wiki/Laal_maans
Z1-RJ-02,Jodhpur Rich Gravy Bowl Laal Maas,Rich Gravy Bowl Red Mutton Curry,Jodhpur Rich Gravy Bowl Laal Maas,North,Rajasthan,Jodhpur,Rajasthani,NA,NA,Global,Non-Veg,everyday,dinner,,Simmered/Stewed,"mutton, red chili, yogurt, garlic, ghee, spices",https://placehold.co/1200x800?text=Laal%20Maas,Wikipedia,https://en.wikipedia.org/wiki/Laal_maans
Z1-RJ-02,Udaipur Travel-Friendly Pack Laal Maas,Travel-Friendly Pack Red Mutton Curry,Udaipur Travel-Friendly Pack Laal Maas,North,Rajasthan,Udaipur,Rajasthani,NA,NA,Global,Non-Veg,everyday,lunch,,Simmered/Stewed,"mutton, red chili, yogurt, garlic, ghee, spices",https://placehold.co/1200x800?text=Laal%20Maas,Wikipedia,https://en.wikipedia.org/wiki/Laal_maans
Z1-RJ-02,Bikaner Rustic Bowl Laal Maas,Rustic Bowl Red Mutton Curry,Bikaner Rustic Bowl Laal Maas,North,Rajasthan,Bikaner,Rajasthani,NA,NA,Global,Non-Veg,everyday,dinner,,Simmered/Stewed,"mutton, red chili, yogurt, garlic, ghee, spices",https://placehold.co/1200x800?text=Laal%20Maas,Wikipedia,https://en.wikipedia.org/wiki/Laal_maans
Z1-RJ-02,Jaipur Festival Plate Laal Maas,Festival Plate Red Mutton Curry,Jaipur Festival Plate Laal Maas,North,Rajasthan,Jaipur,Rajasthani,NA,NA,Global,Non-Veg,occasional,,Prepared during regional festivals and family gatherings.,Simmered/Stewed,"mutton, red chili, yogurt, garlic, ghee, spices",https://placehold.co/1200x800?text=Laal%20Maas,Wikipedia,https://en.wikipedia.org/wiki/Laal_maans
Z1-RJ-02,Jodhpur Heritage Platter Laal Maas,Heritage Platter Red Mutton Curry,Jodhpur Heritage Platter Laal Maas,North,Rajasthan,Jodhpur,Rajasthani,NA,NA,Global,Non-Veg,occasional,,Served as a heritage-style preparation on special occasions.,Simmered/Stewed,"mutton, red chili, yogurt, garlic, ghee, spices",https://placehold.co/1200x800?text=Laal%20Maas,Wikipedia,https://en.wikipedia.org/wiki/Laal_maans
Z1-RJ-02,Udaipur Royal Spread Laal Maas,Royal Spread Red Mutton Curry,Udaipur Royal Spread Laal Maas,North,Rajasthan,Udaipur,Rajasthani,NA,NA,Global,Non-Veg,occasional,,Associated with ceremonial and royal-style meals.,Simmered/Stewed,"mutton, red chili, yogurt, garlic, ghee, spices",https://placehold.co/1200x800?text=Laal%20Maas,Wikipedia,https://en.wikipedia.org/wiki/Laal_maans
Z1-RJ-02,Bikaner Family Feast Laal Maas,Family Feast Red Mutton Curry,Bikaner Family Feast Laal Maas,North,Rajasthan,Bikaner,Rajasthani,NA,NA,Global,Non-Veg,occasional,,Prepared for family celebrations and large community meals.,Simmered/Stewed,"mutton, red chili, yogurt, garlic, ghee, spices",https://placehold.co/1200x800?text=Laal%20Maas,Wikipedia,https://en.wikipedia.org/wiki/Laal_maans
Z1-RJ-02,Jaipur Courtyard Feast Laal Maas,Courtyard Feast Red Mutton Curry,Jaipur Courtyard Feast Laal Maas,North,Rajasthan,Jaipur,Rajasthani,NA,NA,Global,Non-Veg,occasional,,Prepared for courtyard gatherings and festive hosting.,Simmered/Stewed,"mutton, red chili, yogurt, garlic, ghee, spices",https://placehold.co/1200x800?text=Laal%20Maas,Wikipedia,https://en.wikipedia.org/wiki/Laal_maans
Z1-RJ-02,Jodhpur Heritage Bowl Laal Maas,Heritage Bowl Red Mutton Curry,Jodhpur Heritage Bowl Laal Maas,North,Rajasthan,Jodhpur,Rajasthani,NA,NA,Global,Non-Veg,occasional,,An old-style bowl served during commemorative feasts.,Simmered/Stewed,"mutton, red chili, yogurt, garlic, ghee, spices",https://placehold.co/1200x800?text=Laal%20Maas,Wikipedia,https://en.wikipedia.org/wiki/Laal_maans
Z1-RJ-02,Udaipur Celebration Tray Laal Maas,Celebration Tray Red Mutton Curry,Udaipur Celebration Tray Laal Maas,North,Rajasthan,Udaipur,Rajasthani,NA,NA,Global,Non-Veg,occasional,,A celebratory tray served during weddings or major festivals.,Simmered/Stewed,"mutton, red chili, yogurt, garlic, ghee, spices",https://placehold.co/1200x800?text=Laal%20Maas,Wikipedia,https://en.wikipedia.org/wiki/Laal_maans
Z1-RJ-02,Bikaner Evening Snack Laal Maas,Evening Snack Red Mutton Curry,Bikaner Evening Snack Laal Maas,North,Rajasthan,Bikaner,Rajasthani,NA,NA,Global,Non-Veg,everyday,snack,,Simmered/Stewed,"mutton, red chili, yogurt, garlic, ghee, spices",https://placehold.co/1200x800?text=Laal%20Maas,Wikipedia,https://en.wikipedia.org/wiki/Laal_maans
Z1-RJ-02,Jaipur Lodge Meal Laal Maas,Lodge Meal Red Mutton Curry,Jaipur Lodge Meal Laal Maas,North,Rajasthan,Jaipur,Rajasthani,NA,NA,Global,Non-Veg,everyday,dinner,,Simmered/Stewed,"mutton, red chili, yogurt, garlic, ghee, spices",https://placehold.co/1200x800?text=Laal%20Maas,Wikipedia,https://en.wikipedia.org/wiki/Laal_maans
Z1-RJ-02,Jodhpur Soft Tiffin Laal Maas,Soft Tiffin Red Mutton Curry,Jodhpur Soft Tiffin Laal Maas,North,Rajasthan,Jodhpur,Rajasthani,NA,NA,Global,Non-Veg,everyday,lunch,,Simmered/Stewed,"mutton, red chili, yogurt, garlic, ghee, spices",https://placehold.co/1200x800?text=Laal%20Maas,Wikipedia,https://en.wikipedia.org/wiki/Laal_maans
Z1-RJ-02,Udaipur Quick Serve Laal Maas,Quick Serve Red Mutton Curry,Udaipur Quick Serve Laal Maas,North,Rajasthan,Udaipur,Rajasthani,NA,NA,Global,Non-Veg,everyday,breakfast,,Simmered/Stewed,"mutton, red chili, yogurt, garlic, ghee, spices",https://placehold.co/1200x800?text=Laal%20Maas,Wikipedia,https://en.wikipedia.org/wiki/Laal_maans
Z1-RJ-02,Bikaner Courtyard Plate Laal Maas,Courtyard Plate Red Mutton Curry,Bikaner Courtyard Plate Laal Maas,North,Rajasthan,Bikaner,Rajasthani,NA,NA,Global,Non-Veg,everyday,lunch,,Simmered/Stewed,"mutton, red chili, yogurt, garlic, ghee, spices",https://placehold.co/1200x800?text=Laal%20Maas,Wikipedia,https://en.wikipedia.org/wiki/Laal_maans
Z1-PB-01,Amritsar Home Style Sarson da Saag,Home Style Mustard Greens Curry,Amritsar Home Style Sarson da Saag,North,Punjab,Amritsar,Punjabi,NA,NA,Global,Veg,everyday,lunch,,Simmered/Stewed,"mustard greens, spinach, maize flour, ginger, garlic, ghee, spices",https://placehold.co/1200x800?text=Sarson%20da%20Saag,Wikipedia,https://en.wikipedia.org/wiki/Sarson_da_saag
Z1-PB-01,Ludhiana Street Style Sarson da Saag,Street Style Mustard Greens Curry,Ludhiana Street Style Sarson da Saag,North,Punjab,Ludhiana,Punjabi,NA,NA,Global,Veg,everyday,snack,,Simmered/Stewed,"mustard greens, spinach, maize flour, ginger, garlic, ghee, spices",https://placehold.co/1200x800?text=Sarson%20da%20Saag,Wikipedia,https://en.wikipedia.org/wiki/Sarson_da_saag
Z1-PB-01,Patiala Dhaba Style Sarson da Saag,Dhaba Style Mustard Greens Curry,Patiala Dhaba Style Sarson da Saag,North,Punjab,Patiala,Punjabi,NA,NA,Global,Veg,everyday,lunch,,Simmered/Stewed,"mustard greens, spinach, maize flour, ginger, garlic, ghee, spices",https://placehold.co/1200x800?text=Sarson%20da%20Saag,Wikipedia,https://en.wikipedia.org/wiki/Sarson_da_saag
Z1-PB-01,Jalandhar Tawa Style Sarson da Saag,Tawa Style Mustard Greens Curry,Jalandhar Tawa Style Sarson da Saag,North,Punjab,Jalandhar,Punjabi,NA,NA,Global,Veg,everyday,breakfast,,Simmered/Stewed,"mustard greens, spinach, maize flour, ginger, garlic, ghee, spices",https://placehold.co/1200x800?text=Sarson%20da%20Saag,Wikipedia,https://en.wikipedia.org/wiki/Sarson_da_saag
Z1-PB-01,Amritsar Tandoor Style Sarson da Saag,Tandoor Style Mustard Greens Curry,Amritsar Tandoor Style Sarson da Saag,North,Punjab,Amritsar,Punjabi,NA,NA,Global,Veg,everyday,dinner,,Simmered/Stewed,"mustard greens, spinach, maize flour, ginger, garlic, ghee, spices",https://placehold.co/1200x800?text=Sarson%20da%20Saag,Wikipedia,https://en.wikipedia.org/wiki/Sarson_da_saag
Z1-PB-01,Ludhiana Family Thali Sarson da Saag,Family Thali Mustard Greens Curry,Ludhiana Family Thali Sarson da Saag,North,Punjab,Ludhiana,Punjabi,NA,NA,Global,Veg,everyday,lunch,,Simmered/Stewed,"mustard greens, spinach, maize flour, ginger, garlic, ghee, spices",https://placehold.co/1200x800?text=Sarson%20da%20Saag,Wikipedia,https://en.wikipedia.org/wiki/Sarson_da_saag
Z1-PB-01,Patiala Weekend Special Sarson da Saag,Weekend Special Mustard Greens Curry,Patiala Weekend Special Sarson da Saag,North,Punjab,Patiala,Punjabi,NA,NA,Global,Veg,everyday,lunch,,Simmered/Stewed,"mustard greens, spinach, maize flour, ginger, garlic, ghee, spices",https://placehold.co/1200x800?text=Sarson%20da%20Saag,Wikipedia,https://en.wikipedia.org/wiki/Sarson_da_saag
Z1-PB-01,Jalandhar Village Plate Sarson da Saag,Village Plate Mustard Greens Curry,Jalandhar Village Plate Sarson da Saag,North,Punjab,Jalandhar,Punjabi,NA,NA,Global,Veg,everyday,dinner,,Simmered/Stewed,"mustard greens, spinach, maize flour, ginger, garlic, ghee, spices",https://placehold.co/1200x800?text=Sarson%20da%20Saag,Wikipedia,https://en.wikipedia.org/wiki/Sarson_da_saag
Z1-PB-01,Amritsar Packed Lunch Sarson da Saag,Packed Lunch Mustard Greens Curry,Amritsar Packed Lunch Sarson da Saag,North,Punjab,Amritsar,Punjabi,NA,NA,Global,Veg,everyday,lunch,,Simmered/Stewed,"mustard greens, spinach, maize flour, ginger, garlic, ghee, spices",https://placehold.co/1200x800?text=Sarson%20da%20Saag,Wikipedia,https://en.wikipedia.org/wiki/Sarson_da_saag
Z1-PB-01,Ludhiana Late-Night Stall Sarson da Saag,Late-Night Stall Mustard Greens Curry,Ludhiana Late-Night Stall Sarson da Saag,North,Punjab,Ludhiana,Punjabi,NA,NA,Global,Veg,everyday,snack,,Simmered/Stewed,"mustard greens, spinach, maize flour, ginger, garlic, ghee, spices",https://placehold.co/1200x800?text=Sarson%20da%20Saag,Wikipedia,https://en.wikipedia.org/wiki/Sarson_da_saag
Z1-PB-01,Patiala Tea-Time Plate Sarson da Saag,Tea-Time Plate Mustard Greens Curry,Patiala Tea-Time Plate Sarson da Saag,North,Punjab,Patiala,Punjabi,NA,NA,Global,Veg,everyday,snack,,Simmered/Stewed,"mustard greens, spinach, maize flour, ginger, garlic, ghee, spices",https://placehold.co/1200x800?text=Sarson%20da%20Saag,Wikipedia,https://en.wikipedia.org/wiki/Sarson_da_saag
Z1-PB-01,Jalandhar Winter Bowl Sarson da Saag,Winter Bowl Mustard Greens Curry,Jalandhar Winter Bowl Sarson da Saag,North,Punjab,Jalandhar,Punjabi,NA,NA,Global,Veg,everyday,dinner,,Simmered/Stewed,"mustard greens, spinach, maize flour, ginger, garlic, ghee, spices",https://placehold.co/1200x800?text=Sarson%20da%20Saag,Wikipedia,https://en.wikipedia.org/wiki/Sarson_da_saag
Z1-PB-01,Amritsar Summer Plate Sarson da Saag,Summer Plate Mustard Greens Curry,Amritsar Summer Plate Sarson da Saag,North,Punjab,Amritsar,Punjabi,NA,NA,Global,Veg,everyday,lunch,,Simmered/Stewed,"mustard greens, spinach, maize flour, ginger, garlic, ghee, spices",https://placehold.co/1200x800?text=Sarson%20da%20Saag,Wikipedia,https://en.wikipedia.org/wiki/Sarson_da_saag
Z1-PB-01,Ludhiana Smoky Pot Sarson da Saag,Smoky Pot Mustard Greens Curry,Ludhiana Smoky Pot Sarson da Saag,North,Punjab,Ludhiana,Punjabi,NA,NA,Global,Veg,everyday,dinner,,Simmered/Stewed,"mustard greens, spinach, maize flour, ginger, garlic, ghee, spices",https://placehold.co/1200x800?text=Sarson%20da%20Saag,Wikipedia,https://en.wikipedia.org/wiki/Sarson_da_saag
Z1-PB-01,Patiala Crisp Skillet Sarson da Saag,Crisp Skillet Mustard Greens Curry,Patiala Crisp Skillet Sarson da Saag,North,Punjab,Patiala,Punjabi,NA,NA,Global,Veg,everyday,snack,,Simmered/Stewed,"mustard greens, spinach, maize flour, ginger, garlic, ghee, spices",https://placehold.co/1200x800?text=Sarson%20da%20Saag,Wikipedia,https://en.wikipedia.org/wiki/Sarson_da_saag
Z1-PB-01,Jalandhar Millet Bowl Sarson da Saag,Millet Bowl Mustard Greens Curry,Jalandhar Millet Bowl Sarson da Saag,North,Punjab,Jalandhar,Punjabi,NA,NA,Global,Veg,everyday,breakfast,,Simmered/Stewed,"mustard greens, spinach, maize flour, ginger, garlic, ghee, spices",https://placehold.co/1200x800?text=Sarson%20da%20Saag,Wikipedia,https://en.wikipedia.org/wiki/Sarson_da_saag
Z1-PB-01,Amritsar Picnic Pack Sarson da Saag,Picnic Pack Mustard Greens Curry,Amritsar Picnic Pack Sarson da Saag,North,Punjab,Amritsar,Punjabi,NA,NA,Global,Veg,everyday,lunch,,Simmered/Stewed,"mustard greens, spinach, maize flour, ginger, garlic, ghee, spices",https://placehold.co/1200x800?text=Sarson%20da%20Saag,Wikipedia,https://en.wikipedia.org/wiki/Sarson_da_saag
Z1-PB-01,Ludhiana Monsoon Plate Sarson da Saag,Monsoon Plate Mustard Greens Curry,Ludhiana Monsoon Plate Sarson da Saag,North,Punjab,Ludhiana,Punjabi,NA,NA,Global,Veg,everyday,snack,,Simmered/Stewed,"mustard greens, spinach, maize flour, ginger, garlic, ghee, spices",https://placehold.co/1200x800?text=Sarson%20da%20Saag,Wikipedia,https://en.wikipedia.org/wiki/Sarson_da_saag
Z1-PB-01,Patiala Copper Pot Version Sarson da Saag,Copper Pot Version Mustard Greens Curry,Patiala Copper Pot Version Sarson da Saag,North,Punjab,Patiala,Punjabi,NA,NA,Global,Veg,everyday,dinner,,Simmered/Stewed,"mustard greens, spinach, maize flour, ginger, garlic, ghee, spices",https://placehold.co/1200x800?text=Sarson%20da%20Saag,Wikipedia,https://en.wikipedia.org/wiki/Sarson_da_saag
Z1-PB-01,Jalandhar Earth-Oven Batch Sarson da Saag,Earth-Oven Batch Mustard Greens Curry,Jalandhar Earth-Oven Batch Sarson da Saag,North,Punjab,Jalandhar,Punjabi,NA,NA,Global,Veg,everyday,lunch,,Simmered/Stewed,"mustard greens, spinach, maize flour, ginger, garlic, ghee, spices",https://placehold.co/1200x800?text=Sarson%20da%20Saag,Wikipedia,https://en.wikipedia.org/wiki/Sarson_da_saag
Z1-PB-01,Amritsar Comfort Meal Sarson da Saag,Comfort Meal Mustard Greens Curry,Amritsar Comfort Meal Sarson da Saag,North,Punjab,Amritsar,Punjabi,NA,NA,Global,Veg,everyday,dinner,,Simmered/Stewed,"mustard greens, spinach, maize flour, ginger, garlic, ghee, spices",https://placehold.co/1200x800?text=Sarson%20da%20Saag,Wikipedia,https://en.wikipedia.org/wiki/Sarson_da_saag
Z1-PB-01,Ludhiana Market Special Sarson da Saag,Market Special Mustard Greens Curry,Ludhiana Market Special Sarson da Saag,North,Punjab,Ludhiana,Punjabi,NA,NA,Global,Veg,everyday,snack,,Simmered/Stewed,"mustard greens, spinach, maize flour, ginger, garlic, ghee, spices",https://placehold.co/1200x800?text=Sarson%20da%20Saag,Wikipedia,https://en.wikipedia.org/wiki/Sarson_da_saag
Z1-PB-01,Patiala Soft Set Sarson da Saag,Soft Set Mustard Greens Curry,Patiala Soft Set Sarson da Saag,North,Punjab,Patiala,Punjabi,NA,NA,Global,Veg,everyday,breakfast,,Simmered/Stewed,"mustard greens, spinach, maize flour, ginger, garlic, ghee, spices",https://placehold.co/1200x800?text=Sarson%20da%20Saag,Wikipedia,https://en.wikipedia.org/wiki/Sarson_da_saag
Z1-PB-01,Jalandhar Flaky Version Sarson da Saag,Flaky Version Mustard Greens Curry,Jalandhar Flaky Version Sarson da Saag,North,Punjab,Jalandhar,Punjabi,NA,NA,Global,Veg,everyday,breakfast,,Simmered/Stewed,"mustard greens, spinach, maize flour, ginger, garlic, ghee, spices",https://placehold.co/1200x800?text=Sarson%20da%20Saag,Wikipedia,https://en.wikipedia.org/wiki/Sarson_da_saag
Z1-PB-01,Amritsar Rich Gravy Bowl Sarson da Saag,Rich Gravy Bowl Mustard Greens Curry,Amritsar Rich Gravy Bowl Sarson da Saag,North,Punjab,Amritsar,Punjabi,NA,NA,Global,Veg,everyday,dinner,,Simmered/Stewed,"mustard greens, spinach, maize flour, ginger, garlic, ghee, spices",https://placehold.co/1200x800?text=Sarson%20da%20Saag,Wikipedia,https://en.wikipedia.org/wiki/Sarson_da_saag
Z1-PB-01,Ludhiana Travel-Friendly Pack Sarson da Saag,Travel-Friendly Pack Mustard Greens Curry,Ludhiana Travel-Friendly Pack Sarson da Saag,North,Punjab,Ludhiana,Punjabi,NA,NA,Global,Veg,everyday,lunch,,Simmered/Stewed,"mustard greens, spinach, maize flour, ginger, garlic, ghee, spices",https://placehold.co/1200x800?text=Sarson%20da%20Saag,Wikipedia,https://en.wikipedia.org/wiki/Sarson_da_saag
Z1-PB-01,Patiala Rustic Bowl Sarson da Saag,Rustic Bowl Mustard Greens Curry,Patiala Rustic Bowl Sarson da Saag,North,Punjab,Patiala,Punjabi,NA,NA,Global,Veg,everyday,dinner,,Simmered/Stewed,"mustard greens, spinach, maize flour, ginger, garlic, ghee, spices",https://placehold.co/1200x800?text=Sarson%20da%20Saag,Wikipedia,https://en.wikipedia.org/wiki/Sarson_da_saag
Z1-PB-01,Jalandhar Festival Plate Sarson da Saag,Festival Plate Mustard Greens Curry,Jalandhar Festival Plate Sarson da Saag,North,Punjab,Jalandhar,Punjabi,NA,NA,Global,Veg,occasional,,Prepared during regional festivals and family gatherings.,Simmered/Stewed,"mustard greens, spinach, maize flour, ginger, garlic, ghee, spices",https://placehold.co/1200x800?text=Sarson%20da%20Saag,Wikipedia,https://en.wikipedia.org/wiki/Sarson_da_saag
Z1-PB-01,Amritsar Heritage Platter Sarson da Saag,Heritage Platter Mustard Greens Curry,Amritsar Heritage Platter Sarson da Saag,North,Punjab,Amritsar,Punjabi,NA,NA,Global,Veg,occasional,,Served as a heritage-style preparation on special occasions.,Simmered/Stewed,"mustard greens, spinach, maize flour, ginger, garlic, ghee, spices",https://placehold.co/1200x800?text=Sarson%20da%20Saag,Wikipedia,https://en.wikipedia.org/wiki/Sarson_da_saag
Z1-PB-01,Ludhiana Royal Spread Sarson da Saag,Royal Spread Mustard Greens Curry,Ludhiana Royal Spread Sarson da Saag,North,Punjab,Ludhiana,Punjabi,NA,NA,Global,Veg,occasional,,Associated with ceremonial and royal-style meals.,Simmered/Stewed,"mustard greens, spinach, maize flour, ginger, garlic, ghee, spices",https://placehold.co/1200x800?text=Sarson%20da%20Saag,Wikipedia,https://en.wikipedia.org/wiki/Sarson_da_saag
Z1-PB-01,Patiala Family Feast Sarson da Saag,Family Feast Mustard Greens Curry,Patiala Family Feast Sarson da Saag,North,Punjab,Patiala,Punjabi,NA,NA,Global,Veg,occasional,,Prepared for family celebrations and large community meals.,Simmered/Stewed,"mustard greens, spinach, maize flour, ginger, garlic, ghee, spices",https://placehold.co/1200x800?text=Sarson%20da%20Saag,Wikipedia,https://en.wikipedia.org/wiki/Sarson_da_saag
Z1-PB-01,Jalandhar Courtyard Feast Sarson da Saag,Courtyard Feast Mustard Greens Curry,Jalandhar Courtyard Feast Sarson da Saag,North,Punjab,Jalandhar,Punjabi,NA,NA,Global,Veg,occasional,,Prepared for courtyard gatherings and festive hosting.,Simmered/Stewed,"mustard greens, spinach, maize flour, ginger, garlic, ghee, spices",https://placehold.co/1200x800?text=Sarson%20da%20Saag,Wikipedia,https://en.wikipedia.org/wiki/Sarson_da_saag
Z1-PB-01,Amritsar Heritage Bowl Sarson da Saag,Heritage Bowl Mustard Greens Curry,Amritsar Heritage Bowl Sarson da Saag,North,Punjab,Amritsar,Punjabi,NA,NA,Global,Veg,occasional,,An old-style bowl served during commemorative feasts.,Simmered/Stewed,"mustard greens, spinach, maize flour, ginger, garlic, ghee, spices",https://placehold.co/1200x800?text=Sarson%20da%20Saag,Wikipedia,https://en.wikipedia.org/wiki/Sarson_da_saag
Z1-PB-01,Ludhiana Celebration Tray Sarson da Saag,Celebration Tray Mustard Greens Curry,Ludhiana Celebration Tray Sarson da Saag,North,Punjab,Ludhiana,Punjabi,NA,NA,Global,Veg,occasional,,A celebratory tray served during weddings or major festivals.,Simmered/Stewed,"mustard greens, spinach, maize flour, ginger, garlic, ghee, spices",https://placehold.co/1200x800?text=Sarson%20da%20Saag,Wikipedia,https://en.wikipedia.org/wiki/Sarson_da_saag
Z1-PB-01,Patiala Evening Snack Sarson da Saag,Evening Snack Mustard Greens Curry,Patiala Evening Snack Sarson da Saag,North,Punjab,Patiala,Punjabi,NA,NA,Global,Veg,everyday,snack,,Simmered/Stewed,"mustard greens, spinach, maize flour, ginger, garlic, ghee, spices",https://placehold.co/1200x800?text=Sarson%20da%20Saag,Wikipedia,https://en.wikipedia.org/wiki/Sarson_da_saag
Z1-PB-01,Jalandhar Lodge Meal Sarson da Saag,Lodge Meal Mustard Greens Curry,Jalandhar Lodge Meal Sarson da Saag,North,Punjab,Jalandhar,Punjabi,NA,NA,Global,Veg,everyday,dinner,,Simmered/Stewed,"mustard greens, spinach, maize flour, ginger, garlic, ghee, spices",https://placehold.co/1200x800?text=Sarson%20da%20Saag,Wikipedia,https://en.wikipedia.org/wiki/Sarson_da_saag
Z1-PB-01,Amritsar Soft Tiffin Sarson da Saag,Soft Tiffin Mustard Greens Curry,Amritsar Soft Tiffin Sarson da Saag,North,Punjab,Amritsar,Punjabi,NA,NA,Global,Veg,everyday,lunch,,Simmered/Stewed,"mustard greens, spinach, maize flour, ginger, garlic, ghee, spices",https://placehold.co/1200x800?text=Sarson%20da%20Saag,Wikipedia,https://en.wikipedia.org/wiki/Sarson_da_saag
Z1-PB-01,Ludhiana Quick Serve Sarson da Saag,Quick Serve Mustard Greens Curry,Ludhiana Quick Serve Sarson da Saag,North,Punjab,Ludhiana,Punjabi,NA,NA,Global,Veg,everyday,breakfast,,Simmered/Stewed,"mustard greens, spinach, maize flour, ginger, garlic, ghee, spices",https://placehold.co/1200x800?text=Sarson%20da%20Saag,Wikipedia,https://en.wikipedia.org/wiki/Sarson_da_saag
Z1-PB-01,Patiala Courtyard Plate Sarson da Saag,Courtyard Plate Mustard Greens Curry,Patiala Courtyard Plate Sarson da Saag,North,Punjab,Patiala,Punjabi,NA,NA,Global,Veg,everyday,lunch,,Simmered/Stewed,"mustard greens, spinach, maize flour, ginger, garlic, ghee, spices",https://placehold.co/1200x800?text=Sarson%20da%20Saag,Wikipedia,https://en.wikipedia.org/wiki/Sarson_da_saag
Z1-PB-02,Ludhiana Home Style Tandoori Chicken,Home Style Tandoori Chicken,Ludhiana Home Style Tandoori Chicken,North,Punjab,Ludhiana,Punjabi,NA,NA,Global,Non-Veg,everyday,lunch,,Tandoor/Clay-Oven,"chicken, yogurt, ginger, garlic, chili, lemon, spices",https://placehold.co/1200x800?text=Tandoori%20Chicken,Wikipedia,https://en.wikipedia.org/wiki/Tandoori_chicken
Z1-PB-02,Patiala Street Style Tandoori Chicken,Street Style Tandoori Chicken,Patiala Street Style Tandoori Chicken,North,Punjab,Patiala,Punjabi,NA,NA,Global,Non-Veg,everyday,snack,,Tandoor/Clay-Oven,"chicken, yogurt, ginger, garlic, chili, lemon, spices",https://placehold.co/1200x800?text=Tandoori%20Chicken,Wikipedia,https://en.wikipedia.org/wiki/Tandoori_chicken
Z1-PB-02,Jalandhar Dhaba Style Tandoori Chicken,Dhaba Style Tandoori Chicken,Jalandhar Dhaba Style Tandoori Chicken,North,Punjab,Jalandhar,Punjabi,NA,NA,Global,Non-Veg,everyday,lunch,,Tandoor/Clay-Oven,"chicken, yogurt, ginger, garlic, chili, lemon, spices",https://placehold.co/1200x800?text=Tandoori%20Chicken,Wikipedia,https://en.wikipedia.org/wiki/Tandoori_chicken
Z1-PB-02,Amritsar Tawa Style Tandoori Chicken,Tawa Style Tandoori Chicken,Amritsar Tawa Style Tandoori Chicken,North,Punjab,Amritsar,Punjabi,NA,NA,Global,Non-Veg,everyday,breakfast,,Tandoor/Clay-Oven,"chicken, yogurt, ginger, garlic, chili, lemon, spices",https://placehold.co/1200x800?text=Tandoori%20Chicken,Wikipedia,https://en.wikipedia.org/wiki/Tandoori_chicken
Z1-PB-02,Ludhiana Tandoor Style Tandoori Chicken,Tandoor Style Tandoori Chicken,Ludhiana Tandoor Style Tandoori Chicken,North,Punjab,Ludhiana,Punjabi,NA,NA,Global,Non-Veg,everyday,dinner,,Tandoor/Clay-Oven,"chicken, yogurt, ginger, garlic, chili, lemon, spices",https://placehold.co/1200x800?text=Tandoori%20Chicken,Wikipedia,https://en.wikipedia.org/wiki/Tandoori_chicken
Z1-PB-02,Patiala Family Thali Tandoori Chicken,Family Thali Tandoori Chicken,Patiala Family Thali Tandoori Chicken,North,Punjab,Patiala,Punjabi,NA,NA,Global,Non-Veg,everyday,lunch,,Tandoor/Clay-Oven,"chicken, yogurt, ginger, garlic, chili, lemon, spices",https://placehold.co/1200x800?text=Tandoori%20Chicken,Wikipedia,https://en.wikipedia.org/wiki/Tandoori_chicken
Z1-PB-02,Jalandhar Weekend Special Tandoori Chicken,Weekend Special Tandoori Chicken,Jalandhar Weekend Special Tandoori Chicken,North,Punjab,Jalandhar,Punjabi,NA,NA,Global,Non-Veg,everyday,lunch,,Tandoor/Clay-Oven,"chicken, yogurt, ginger, garlic, chili, lemon, spices",https://placehold.co/1200x800?text=Tandoori%20Chicken,Wikipedia,https://en.wikipedia.org/wiki/Tandoori_chicken
Z1-PB-02,Amritsar Village Plate Tandoori Chicken,Village Plate Tandoori Chicken,Amritsar Village Plate Tandoori Chicken,North,Punjab,Amritsar,Punjabi,NA,NA,Global,Non-Veg,everyday,dinner,,Tandoor/Clay-Oven,"chicken, yogurt, ginger, garlic, chili, lemon, spices",https://placehold.co/1200x800?text=Tandoori%20Chicken,Wikipedia,https://en.wikipedia.org/wiki/Tandoori_chicken
Z1-PB-02,Ludhiana Packed Lunch Tandoori Chicken,Packed Lunch Tandoori Chicken,Ludhiana Packed Lunch Tandoori Chicken,North,Punjab,Ludhiana,Punjabi,NA,NA,Global,Non-Veg,everyday,lunch,,Tandoor/Clay-Oven,"chicken, yogurt, ginger, garlic, chili, lemon, spices",https://placehold.co/1200x800?text=Tandoori%20Chicken,Wikipedia,https://en.wikipedia.org/wiki/Tandoori_chicken
Z1-PB-02,Patiala Late-Night Stall Tandoori Chicken,Late-Night Stall Tandoori Chicken,Patiala Late-Night Stall Tandoori Chicken,North,Punjab,Patiala,Punjabi,NA,NA,Global,Non-Veg,everyday,snack,,Tandoor/Clay-Oven,"chicken, yogurt, ginger, garlic, chili, lemon, spices",https://placehold.co/1200x800?text=Tandoori%20Chicken,Wikipedia,https://en.wikipedia.org/wiki/Tandoori_chicken
Z1-PB-02,Jalandhar Tea-Time Plate Tandoori Chicken,Tea-Time Plate Tandoori Chicken,Jalandhar Tea-Time Plate Tandoori Chicken,North,Punjab,Jalandhar,Punjabi,NA,NA,Global,Non-Veg,everyday,snack,,Tandoor/Clay-Oven,"chicken, yogurt, ginger, garlic, chili, lemon, spices",https://placehold.co/1200x800?text=Tandoori%20Chicken,Wikipedia,https://en.wikipedia.org/wiki/Tandoori_chicken
Z1-PB-02,Amritsar Winter Bowl Tandoori Chicken,Winter Bowl Tandoori Chicken,Amritsar Winter Bowl Tandoori Chicken,North,Punjab,Amritsar,Punjabi,NA,NA,Global,Non-Veg,everyday,dinner,,Tandoor/Clay-Oven,"chicken, yogurt, ginger, garlic, chili, lemon, spices",https://placehold.co/1200x800?text=Tandoori%20Chicken,Wikipedia,https://en.wikipedia.org/wiki/Tandoori_chicken
Z1-PB-02,Ludhiana Summer Plate Tandoori Chicken,Summer Plate Tandoori Chicken,Ludhiana Summer Plate Tandoori Chicken,North,Punjab,Ludhiana,Punjabi,NA,NA,Global,Non-Veg,everyday,lunch,,Tandoor/Clay-Oven,"chicken, yogurt, ginger, garlic, chili, lemon, spices",https://placehold.co/1200x800?text=Tandoori%20Chicken,Wikipedia,https://en.wikipedia.org/wiki/Tandoori_chicken
Z1-PB-02,Patiala Smoky Pot Tandoori Chicken,Smoky Pot Tandoori Chicken,Patiala Smoky Pot Tandoori Chicken,North,Punjab,Patiala,Punjabi,NA,NA,Global,Non-Veg,everyday,dinner,,Tandoor/Clay-Oven,"chicken, yogurt, ginger, garlic, chili, lemon, spices",https://placehold.co/1200x800?text=Tandoori%20Chicken,Wikipedia,https://en.wikipedia.org/wiki/Tandoori_chicken
Z1-PB-02,Jalandhar Crisp Skillet Tandoori Chicken,Crisp Skillet Tandoori Chicken,Jalandhar Crisp Skillet Tandoori Chicken,North,Punjab,Jalandhar,Punjabi,NA,NA,Global,Non-Veg,everyday,snack,,Tandoor/Clay-Oven,"chicken, yogurt, ginger, garlic, chili, lemon, spices",https://placehold.co/1200x800?text=Tandoori%20Chicken,Wikipedia,https://en.wikipedia.org/wiki/Tandoori_chicken
Z1-PB-02,Amritsar Millet Bowl Tandoori Chicken,Millet Bowl Tandoori Chicken,Amritsar Millet Bowl Tandoori Chicken,North,Punjab,Amritsar,Punjabi,NA,NA,Global,Non-Veg,everyday,breakfast,,Tandoor/Clay-Oven,"chicken, yogurt, ginger, garlic, chili, lemon, spices",https://placehold.co/1200x800?text=Tandoori%20Chicken,Wikipedia,https://en.wikipedia.org/wiki/Tandoori_chicken
Z1-PB-02,Ludhiana Picnic Pack Tandoori Chicken,Picnic Pack Tandoori Chicken,Ludhiana Picnic Pack Tandoori Chicken,North,Punjab,Ludhiana,Punjabi,NA,NA,Global,Non-Veg,everyday,lunch,,Tandoor/Clay-Oven,"chicken, yogurt, ginger, garlic, chili, lemon, spices",https://placehold.co/1200x800?text=Tandoori%20Chicken,Wikipedia,https://en.wikipedia.org/wiki/Tandoori_chicken
Z1-PB-02,Patiala Monsoon Plate Tandoori Chicken,Monsoon Plate Tandoori Chicken,Patiala Monsoon Plate Tandoori Chicken,North,Punjab,Patiala,Punjabi,NA,NA,Global,Non-Veg,everyday,snack,,Tandoor/Clay-Oven,"chicken, yogurt, ginger, garlic, chili, lemon, spices",https://placehold.co/1200x800?text=Tandoori%20Chicken,Wikipedia,https://en.wikipedia.org/wiki/Tandoori_chicken
Z1-PB-02,Jalandhar Copper Pot Version Tandoori Chicken,Copper Pot Version Tandoori Chicken,Jalandhar Copper Pot Version Tandoori Chicken,North,Punjab,Jalandhar,Punjabi,NA,NA,Global,Non-Veg,everyday,dinner,,Tandoor/Clay-Oven,"chicken, yogurt, ginger, garlic, chili, lemon, spices",https://placehold.co/1200x800?text=Tandoori%20Chicken,Wikipedia,https://en.wikipedia.org/wiki/Tandoori_chicken
Z1-PB-02,Amritsar Earth-Oven Batch Tandoori Chicken,Earth-Oven Batch Tandoori Chicken,Amritsar Earth-Oven Batch Tandoori Chicken,North,Punjab,Amritsar,Punjabi,NA,NA,Global,Non-Veg,everyday,lunch,,Tandoor/Clay-Oven,"chicken, yogurt, ginger, garlic, chili, lemon, spices",https://placehold.co/1200x800?text=Tandoori%20Chicken,Wikipedia,https://en.wikipedia.org/wiki/Tandoori_chicken
Z1-PB-02,Ludhiana Comfort Meal Tandoori Chicken,Comfort Meal Tandoori Chicken,Ludhiana Comfort Meal Tandoori Chicken,North,Punjab,Ludhiana,Punjabi,NA,NA,Global,Non-Veg,everyday,dinner,,Tandoor/Clay-Oven,"chicken, yogurt, ginger, garlic, chili, lemon, spices",https://placehold.co/1200x800?text=Tandoori%20Chicken,Wikipedia,https://en.wikipedia.org/wiki/Tandoori_chicken
Z1-PB-02,Patiala Market Special Tandoori Chicken,Market Special Tandoori Chicken,Patiala Market Special Tandoori Chicken,North,Punjab,Patiala,Punjabi,NA,NA,Global,Non-Veg,everyday,snack,,Tandoor/Clay-Oven,"chicken, yogurt, ginger, garlic, chili, lemon, spices",https://placehold.co/1200x800?text=Tandoori%20Chicken,Wikipedia,https://en.wikipedia.org/wiki/Tandoori_chicken
Z1-PB-02,Jalandhar Soft Set Tandoori Chicken,Soft Set Tandoori Chicken,Jalandhar Soft Set Tandoori Chicken,North,Punjab,Jalandhar,Punjabi,NA,NA,Global,Non-Veg,everyday,breakfast,,Tandoor/Clay-Oven,"chicken, yogurt, ginger, garlic, chili, lemon, spices",https://placehold.co/1200x800?text=Tandoori%20Chicken,Wikipedia,https://en.wikipedia.org/wiki/Tandoori_chicken
Z1-PB-02,Amritsar Flaky Version Tandoori Chicken,Flaky Version Tandoori Chicken,Amritsar Flaky Version Tandoori Chicken,North,Punjab,Amritsar,Punjabi,NA,NA,Global,Non-Veg,everyday,breakfast,,Tandoor/Clay-Oven,"chicken, yogurt, ginger, garlic, chili, lemon, spices",https://placehold.co/1200x800?text=Tandoori%20Chicken,Wikipedia,https://en.wikipedia.org/wiki/Tandoori_chicken
Z1-PB-02,Ludhiana Rich Gravy Bowl Tandoori Chicken,Rich Gravy Bowl Tandoori Chicken,Ludhiana Rich Gravy Bowl Tandoori Chicken,North,Punjab,Ludhiana,Punjabi,NA,NA,Global,Non-Veg,everyday,dinner,,Tandoor/Clay-Oven,"chicken, yogurt, ginger, garlic, chili, lemon, spices",https://placehold.co/1200x800?text=Tandoori%20Chicken,Wikipedia,https://en.wikipedia.org/wiki/Tandoori_chicken
Z1-PB-02,Patiala Travel-Friendly Pack Tandoori Chicken,Travel-Friendly Pack Tandoori Chicken,Patiala Travel-Friendly Pack Tandoori Chicken,North,Punjab,Patiala,Punjabi,NA,NA,Global,Non-Veg,everyday,lunch,,Tandoor/Clay-Oven,"chicken, yogurt, ginger, garlic, chili, lemon, spices",https://placehold.co/1200x800?text=Tandoori%20Chicken,Wikipedia,https://en.wikipedia.org/wiki/Tandoori_chicken
Z1-PB-02,Jalandhar Rustic Bowl Tandoori Chicken,Rustic Bowl Tandoori Chicken,Jalandhar Rustic Bowl Tandoori Chicken,North,Punjab,Jalandhar,Punjabi,NA,NA,Global,Non-Veg,everyday,dinner,,Tandoor/Clay-Oven,"chicken, yogurt, ginger, garlic, chili, lemon, spices",https://placehold.co/1200x800?text=Tandoori%20Chicken,Wikipedia,https://en.wikipedia.org/wiki/Tandoori_chicken
Z1-PB-02,Amritsar Festival Plate Tandoori Chicken,Festival Plate Tandoori Chicken,Amritsar Festival Plate Tandoori Chicken,North,Punjab,Amritsar,Punjabi,NA,NA,Global,Non-Veg,occasional,,Prepared during regional festivals and family gatherings.,Tandoor/Clay-Oven,"chicken, yogurt, ginger, garlic, chili, lemon, spices",https://placehold.co/1200x800?text=Tandoori%20Chicken,Wikipedia,https://en.wikipedia.org/wiki/Tandoori_chicken
Z1-PB-02,Ludhiana Heritage Platter Tandoori Chicken,Heritage Platter Tandoori Chicken,Ludhiana Heritage Platter Tandoori Chicken,North,Punjab,Ludhiana,Punjabi,NA,NA,Global,Non-Veg,occasional,,Served as a heritage-style preparation on special occasions.,Tandoor/Clay-Oven,"chicken, yogurt, ginger, garlic, chili, lemon, spices",https://placehold.co/1200x800?text=Tandoori%20Chicken,Wikipedia,https://en.wikipedia.org/wiki/Tandoori_chicken
Z1-PB-02,Patiala Royal Spread Tandoori Chicken,Royal Spread Tandoori Chicken,Patiala Royal Spread Tandoori Chicken,North,Punjab,Patiala,Punjabi,NA,NA,Global,Non-Veg,occasional,,Associated with ceremonial and royal-style meals.,Tandoor/Clay-Oven,"chicken, yogurt, ginger, garlic, chili, lemon, spices",https://placehold.co/1200x800?text=Tandoori%20Chicken,Wikipedia,https://en.wikipedia.org/wiki/Tandoori_chicken
Z1-PB-02,Jalandhar Family Feast Tandoori Chicken,Family Feast Tandoori Chicken,Jalandhar Family Feast Tandoori Chicken,North,Punjab,Jalandhar,Punjabi,NA,NA,Global,Non-Veg,occasional,,Prepared for family celebrations and large community meals.,Tandoor/Clay-Oven,"chicken, yogurt, ginger, garlic, chili, lemon, spices",https://placehold.co/1200x800?text=Tandoori%20Chicken,Wikipedia,https://en.wikipedia.org/wiki/Tandoori_chicken
Z1-PB-02,Amritsar Courtyard Feast Tandoori Chicken,Courtyard Feast Tandoori Chicken,Amritsar Courtyard Feast Tandoori Chicken,North,Punjab,Amritsar,Punjabi,NA,NA,Global,Non-Veg,occasional,,Prepared for courtyard gatherings and festive hosting.,Tandoor/Clay-Oven,"chicken, yogurt, ginger, garlic, chili, lemon, spices",https://placehold.co/1200x800?text=Tandoori%20Chicken,Wikipedia,https://en.wikipedia.org/wiki/Tandoori_chicken
Z1-PB-02,Ludhiana Heritage Bowl Tandoori Chicken,Heritage Bowl Tandoori Chicken,Ludhiana Heritage Bowl Tandoori Chicken,North,Punjab,Ludhiana,Punjabi,NA,NA,Global,Non-Veg,occasional,,An old-style bowl served during commemorative feasts.,Tandoor/Clay-Oven,"chicken, yogurt, ginger, garlic, chili, lemon, spices",https://placehold.co/1200x800?text=Tandoori%20Chicken,Wikipedia,https://en.wikipedia.org/wiki/Tandoori_chicken
Z1-PB-02,Patiala Celebration Tray Tandoori Chicken,Celebration Tray Tandoori Chicken,Patiala Celebration Tray Tandoori Chicken,North,Punjab,Patiala,Punjabi,NA,NA,Global,Non-Veg,occasional,,A celebratory tray served during weddings or major festivals.,Tandoor/Clay-Oven,"chicken, yogurt, ginger, garlic, chili, lemon, spices",https://placehold.co/1200x800?text=Tandoori%20Chicken,Wikipedia,https://en.wikipedia.org/wiki/Tandoori_chicken
Z1-PB-02,Jalandhar Evening Snack Tandoori Chicken,Evening Snack Tandoori Chicken,Jalandhar Evening Snack Tandoori Chicken,North,Punjab,Jalandhar,Punjabi,NA,NA,Global,Non-Veg,everyday,snack,,Tandoor/Clay-Oven,"chicken, yogurt, ginger, garlic, chili, lemon, spices",https://placehold.co/1200x800?text=Tandoori%20Chicken,Wikipedia,https://en.wikipedia.org/wiki/Tandoori_chicken
Z1-PB-02,Amritsar Lodge Meal Tandoori Chicken,Lodge Meal Tandoori Chicken,Amritsar Lodge Meal Tandoori Chicken,North,Punjab,Amritsar,Punjabi,NA,NA,Global,Non-Veg,everyday,dinner,,Tandoor/Clay-Oven,"chicken, yogurt, ginger, garlic, chili, lemon, spices",https://placehold.co/1200x800?text=Tandoori%20Chicken,Wikipedia,https://en.wikipedia.org/wiki/Tandoori_chicken
Z1-PB-02,Ludhiana Soft Tiffin Tandoori Chicken,Soft Tiffin Tandoori Chicken,Ludhiana Soft Tiffin Tandoori Chicken,North,Punjab,Ludhiana,Punjabi,NA,NA,Global,Non-Veg,everyday,lunch,,Tandoor/Clay-Oven,"chicken, yogurt, ginger, garlic, chili, lemon, spices",https://placehold.co/1200x800?text=Tandoori%20Chicken,Wikipedia,https://en.wikipedia.org/wiki/Tandoori_chicken
Z1-PB-02,Patiala Quick Serve Tandoori Chicken,Quick Serve Tandoori Chicken,Patiala Quick Serve Tandoori Chicken,North,Punjab,Patiala,Punjabi,NA,NA,Global,Non-Veg,everyday,breakfast,,Tandoor/Clay-Oven,"chicken, yogurt, ginger, garlic, chili, lemon, spices",https://placehold.co/1200x800?text=Tandoori%20Chicken,Wikipedia,https://en.wikipedia.org/wiki/Tandoori_chicken
Z1-PB-02,Jalandhar Courtyard Plate Tandoori Chicken,Courtyard Plate Tandoori Chicken,Jalandhar Courtyard Plate Tandoori Chicken,North,Punjab,Jalandhar,Punjabi,NA,NA,Global,Non-Veg,everyday,lunch,,Tandoor/Clay-Oven,"chicken, yogurt, ginger, garlic, chili, lemon, spices",https://placehold.co/1200x800?text=Tandoori%20Chicken,Wikipedia,https://en.wikipedia.org/wiki/Tandoori_chicken
Z1-HR-01,Hisar Home Style Bajra Khichdi,Home Style Pearl Millet Khichdi,Hisar Home Style Bajra Khichdi,North,Haryana,Hisar,Haryanvi,NA,NA,National,Veg,everyday,lunch,,Boiled,"pearl millet, moong dal, ghee, cumin, spices",https://placehold.co/1200x800?text=Bajra%20Khichdi,Wikipedia,https://en.wikipedia.org/wiki/Khichdi
Z1-HR-01,Karnal Street Style Bajra Khichdi,Street Style Pearl Millet Khichdi,Karnal Street Style Bajra Khichdi,North,Haryana,Karnal,Haryanvi,NA,NA,National,Veg,everyday,snack,,Boiled,"pearl millet, moong dal, ghee, cumin, spices",https://placehold.co/1200x800?text=Bajra%20Khichdi,Wikipedia,https://en.wikipedia.org/wiki/Khichdi
Z1-HR-01,Rohtak Dhaba Style Bajra Khichdi,Dhaba Style Pearl Millet Khichdi,Rohtak Dhaba Style Bajra Khichdi,North,Haryana,Rohtak,Haryanvi,NA,NA,National,Veg,everyday,lunch,,Boiled,"pearl millet, moong dal, ghee, cumin, spices",https://placehold.co/1200x800?text=Bajra%20Khichdi,Wikipedia,https://en.wikipedia.org/wiki/Khichdi
Z1-HR-01,Kurukshetra Tawa Style Bajra Khichdi,Tawa Style Pearl Millet Khichdi,Kurukshetra Tawa Style Bajra Khichdi,North,Haryana,Kurukshetra,Haryanvi,NA,NA,National,Veg,everyday,breakfast,,Boiled,"pearl millet, moong dal, ghee, cumin, spices",https://placehold.co/1200x800?text=Bajra%20Khichdi,Wikipedia,https://en.wikipedia.org/wiki/Khichdi
Z1-HR-01,Hisar Tandoor Style Bajra Khichdi,Tandoor Style Pearl Millet Khichdi,Hisar Tandoor Style Bajra Khichdi,North,Haryana,Hisar,Haryanvi,NA,NA,National,Veg,everyday,dinner,,Boiled,"pearl millet, moong dal, ghee, cumin, spices",https://placehold.co/1200x800?text=Bajra%20Khichdi,Wikipedia,https://en.wikipedia.org/wiki/Khichdi
Z1-HR-01,Karnal Family Thali Bajra Khichdi,Family Thali Pearl Millet Khichdi,Karnal Family Thali Bajra Khichdi,North,Haryana,Karnal,Haryanvi,NA,NA,National,Veg,everyday,lunch,,Boiled,"pearl millet, moong dal, ghee, cumin, spices",https://placehold.co/1200x800?text=Bajra%20Khichdi,Wikipedia,https://en.wikipedia.org/wiki/Khichdi
Z1-HR-01,Rohtak Weekend Special Bajra Khichdi,Weekend Special Pearl Millet Khichdi,Rohtak Weekend Special Bajra Khichdi,North,Haryana,Rohtak,Haryanvi,NA,NA,National,Veg,everyday,lunch,,Boiled,"pearl millet, moong dal, ghee, cumin, spices",https://placehold.co/1200x800?text=Bajra%20Khichdi,Wikipedia,https://en.wikipedia.org/wiki/Khichdi
Z1-HR-01,Kurukshetra Village Plate Bajra Khichdi,Village Plate Pearl Millet Khichdi,Kurukshetra Village Plate Bajra Khichdi,North,Haryana,Kurukshetra,Haryanvi,NA,NA,National,Veg,everyday,dinner,,Boiled,"pearl millet, moong dal, ghee, cumin, spices",https://placehold.co/1200x800?text=Bajra%20Khichdi,Wikipedia,https://en.wikipedia.org/wiki/Khichdi
Z1-HR-01,Hisar Packed Lunch Bajra Khichdi,Packed Lunch Pearl Millet Khichdi,Hisar Packed Lunch Bajra Khichdi,North,Haryana,Hisar,Haryanvi,NA,NA,National,Veg,everyday,lunch,,Boiled,"pearl millet, moong dal, ghee, cumin, spices",https://placehold.co/1200x800?text=Bajra%20Khichdi,Wikipedia,https://en.wikipedia.org/wiki/Khichdi
Z1-HR-01,Karnal Late-Night Stall Bajra Khichdi,Late-Night Stall Pearl Millet Khichdi,Karnal Late-Night Stall Bajra Khichdi,North,Haryana,Karnal,Haryanvi,NA,NA,National,Veg,everyday,snack,,Boiled,"pearl millet, moong dal, ghee, cumin, spices",https://placehold.co/1200x800?text=Bajra%20Khichdi,Wikipedia,https://en.wikipedia.org/wiki/Khichdi
Z1-HR-01,Rohtak Tea-Time Plate Bajra Khichdi,Tea-Time Plate Pearl Millet Khichdi,Rohtak Tea-Time Plate Bajra Khichdi,North,Haryana,Rohtak,Haryanvi,NA,NA,National,Veg,everyday,snack,,Boiled,"pearl millet, moong dal, ghee, cumin, spices",https://placehold.co/1200x800?text=Bajra%20Khichdi,Wikipedia,https://en.wikipedia.org/wiki/Khichdi
Z1-HR-01,Kurukshetra Winter Bowl Bajra Khichdi,Winter Bowl Pearl Millet Khichdi,Kurukshetra Winter Bowl Bajra Khichdi,North,Haryana,Kurukshetra,Haryanvi,NA,NA,National,Veg,everyday,dinner,,Boiled,"pearl millet, moong dal, ghee, cumin, spices",https://placehold.co/1200x800?text=Bajra%20Khichdi,Wikipedia,https://en.wikipedia.org/wiki/Khichdi
Z1-HR-01,Hisar Summer Plate Bajra Khichdi,Summer Plate Pearl Millet Khichdi,Hisar Summer Plate Bajra Khichdi,North,Haryana,Hisar,Haryanvi,NA,NA,National,Veg,everyday,lunch,,Boiled,"pearl millet, moong dal, ghee, cumin, spices",https://placehold.co/1200x800?text=Bajra%20Khichdi,Wikipedia,https://en.wikipedia.org/wiki/Khichdi
Z1-HR-01,Karnal Smoky Pot Bajra Khichdi,Smoky Pot Pearl Millet Khichdi,Karnal Smoky Pot Bajra Khichdi,North,Haryana,Karnal,Haryanvi,NA,NA,National,Veg,everyday,dinner,,Boiled,"pearl millet, moong dal, ghee, cumin, spices",https://placehold.co/1200x800?text=Bajra%20Khichdi,Wikipedia,https://en.wikipedia.org/wiki/Khichdi
Z1-HR-01,Rohtak Crisp Skillet Bajra Khichdi,Crisp Skillet Pearl Millet Khichdi,Rohtak Crisp Skillet Bajra Khichdi,North,Haryana,Rohtak,Haryanvi,NA,NA,National,Veg,everyday,snack,,Boiled,"pearl millet, moong dal, ghee, cumin, spices",https://placehold.co/1200x800?text=Bajra%20Khichdi,Wikipedia,https://en.wikipedia.org/wiki/Khichdi
Z1-HR-01,Kurukshetra Millet Bowl Bajra Khichdi,Millet Bowl Pearl Millet Khichdi,Kurukshetra Millet Bowl Bajra Khichdi,North,Haryana,Kurukshetra,Haryanvi,NA,NA,National,Veg,everyday,breakfast,,Boiled,"pearl millet, moong dal, ghee, cumin, spices",https://placehold.co/1200x800?text=Bajra%20Khichdi,Wikipedia,https://en.wikipedia.org/wiki/Khichdi
Z1-HR-01,Hisar Picnic Pack Bajra Khichdi,Picnic Pack Pearl Millet Khichdi,Hisar Picnic Pack Bajra Khichdi,North,Haryana,Hisar,Haryanvi,NA,NA,National,Veg,everyday,lunch,,Boiled,"pearl millet, moong dal, ghee, cumin, spices",https://placehold.co/1200x800?text=Bajra%20Khichdi,Wikipedia,https://en.wikipedia.org/wiki/Khichdi
Z1-HR-01,Karnal Monsoon Plate Bajra Khichdi,Monsoon Plate Pearl Millet Khichdi,Karnal Monsoon Plate Bajra Khichdi,North,Haryana,Karnal,Haryanvi,NA,NA,National,Veg,everyday,snack,,Boiled,"pearl millet, moong dal, ghee, cumin, spices",https://placehold.co/1200x800?text=Bajra%20Khichdi,Wikipedia,https://en.wikipedia.org/wiki/Khichdi
Z1-HR-01,Rohtak Copper Pot Version Bajra Khichdi,Copper Pot Version Pearl Millet Khichdi,Rohtak Copper Pot Version Bajra Khichdi,North,Haryana,Rohtak,Haryanvi,NA,NA,National,Veg,everyday,dinner,,Boiled,"pearl millet, moong dal, ghee, cumin, spices",https://placehold.co/1200x800?text=Bajra%20Khichdi,Wikipedia,https://en.wikipedia.org/wiki/Khichdi
Z1-HR-01,Kurukshetra Earth-Oven Batch Bajra Khichdi,Earth-Oven Batch Pearl Millet Khichdi,Kurukshetra Earth-Oven Batch Bajra Khichdi,North,Haryana,Kurukshetra,Haryanvi,NA,NA,National,Veg,everyday,lunch,,Boiled,"pearl millet, moong dal, ghee, cumin, spices",https://placehold.co/1200x800?text=Bajra%20Khichdi,Wikipedia,https://en.wikipedia.org/wiki/Khichdi
Z1-HR-01,Hisar Comfort Meal Bajra Khichdi,Comfort Meal Pearl Millet Khichdi,Hisar Comfort Meal Bajra Khichdi,North,Haryana,Hisar,Haryanvi,NA,NA,National,Veg,everyday,dinner,,Boiled,"pearl millet, moong dal, ghee, cumin, spices",https://placehold.co/1200x800?text=Bajra%20Khichdi,Wikipedia,https://en.wikipedia.org/wiki/Khichdi
Z1-HR-01,Karnal Market Special Bajra Khichdi,Market Special Pearl Millet Khichdi,Karnal Market Special Bajra Khichdi,North,Haryana,Karnal,Haryanvi,NA,NA,National,Veg,everyday,snack,,Boiled,"pearl millet, moong dal, ghee, cumin, spices",https://placehold.co/1200x800?text=Bajra%20Khichdi,Wikipedia,https://en.wikipedia.org/wiki/Khichdi
Z1-HR-01,Rohtak Soft Set Bajra Khichdi,Soft Set Pearl Millet Khichdi,Rohtak Soft Set Bajra Khichdi,North,Haryana,Rohtak,Haryanvi,NA,NA,National,Veg,everyday,breakfast,,Boiled,"pearl millet, moong dal, ghee, cumin, spices",https://placehold.co/1200x800?text=Bajra%20Khichdi,Wikipedia,https://en.wikipedia.org/wiki/Khichdi
Z1-HR-01,Kurukshetra Flaky Version Bajra Khichdi,Flaky Version Pearl Millet Khichdi,Kurukshetra Flaky Version Bajra Khichdi,North,Haryana,Kurukshetra,Haryanvi,NA,NA,National,Veg,everyday,breakfast,,Boiled,"pearl millet, moong dal, ghee, cumin, spices",https://placehold.co/1200x800?text=Bajra%20Khichdi,Wikipedia,https://en.wikipedia.org/wiki/Khichdi
Z1-HR-01,Hisar Rich Gravy Bowl Bajra Khichdi,Rich Gravy Bowl Pearl Millet Khichdi,Hisar Rich Gravy Bowl Bajra Khichdi,North,Haryana,Hisar,Haryanvi,NA,NA,National,Veg,everyday,dinner,,Boiled,"pearl millet, moong dal, ghee, cumin, spices",https://placehold.co/1200x800?text=Bajra%20Khichdi,Wikipedia,https://en.wikipedia.org/wiki/Khichdi
Z1-HR-01,Karnal Travel-Friendly Pack Bajra Khichdi,Travel-Friendly Pack Pearl Millet Khichdi,Karnal Travel-Friendly Pack Bajra Khichdi,North,Haryana,Karnal,Haryanvi,NA,NA,National,Veg,everyday,lunch,,Boiled,"pearl millet, moong dal, ghee, cumin, spices",https://placehold.co/1200x800?text=Bajra%20Khichdi,Wikipedia,https://en.wikipedia.org/wiki/Khichdi
Z1-HR-01,Rohtak Rustic Bowl Bajra Khichdi,Rustic Bowl Pearl Millet Khichdi,Rohtak Rustic Bowl Bajra Khichdi,North,Haryana,Rohtak,Haryanvi,NA,NA,National,Veg,everyday,dinner,,Boiled,"pearl millet, moong dal, ghee, cumin, spices",https://placehold.co/1200x800?text=Bajra%20Khichdi,Wikipedia,https://en.wikipedia.org/wiki/Khichdi
Z1-HR-01,Kurukshetra Festival Plate Bajra Khichdi,Festival Plate Pearl Millet Khichdi,Kurukshetra Festival Plate Bajra Khichdi,North,Haryana,Kurukshetra,Haryanvi,NA,NA,National,Veg,occasional,,Prepared during regional festivals and family gatherings.,Boiled,"pearl millet, moong dal, ghee, cumin, spices",https://placehold.co/1200x800?text=Bajra%20Khichdi,Wikipedia,https://en.wikipedia.org/wiki/Khichdi
Z1-HR-01,Hisar Heritage Platter Bajra Khichdi,Heritage Platter Pearl Millet Khichdi,Hisar Heritage Platter Bajra Khichdi,North,Haryana,Hisar,Haryanvi,NA,NA,National,Veg,occasional,,Served as a heritage-style preparation on special occasions.,Boiled,"pearl millet, moong dal, ghee, cumin, spices",https://placehold.co/1200x800?text=Bajra%20Khichdi,Wikipedia,https://en.wikipedia.org/wiki/Khichdi
Z1-HR-01,Karnal Royal Spread Bajra Khichdi,Royal Spread Pearl Millet Khichdi,Karnal Royal Spread Bajra Khichdi,North,Haryana,Karnal,Haryanvi,NA,NA,National,Veg,occasional,,Associated with ceremonial and royal-style meals.,Boiled,"pearl millet, moong dal, ghee, cumin, spices",https://placehold.co/1200x800?text=Bajra%20Khichdi,Wikipedia,https://en.wikipedia.org/wiki/Khichdi
Z1-HR-01,Rohtak Family Feast Bajra Khichdi,Family Feast Pearl Millet Khichdi,Rohtak Family Feast Bajra Khichdi,North,Haryana,Rohtak,Haryanvi,NA,NA,National,Veg,occasional,,Prepared for family celebrations and large community meals.,Boiled,"pearl millet, moong dal, ghee, cumin, spices",https://placehold.co/1200x800?text=Bajra%20Khichdi,Wikipedia,https://en.wikipedia.org/wiki/Khichdi
Z1-HR-01,Kurukshetra Courtyard Feast Bajra Khichdi,Courtyard Feast Pearl Millet Khichdi,Kurukshetra Courtyard Feast Bajra Khichdi,North,Haryana,Kurukshetra,Haryanvi,NA,NA,National,Veg,occasional,,Prepared for courtyard gatherings and festive hosting.,Boiled,"pearl millet, moong dal, ghee, cumin, spices",https://placehold.co/1200x800?text=Bajra%20Khichdi,Wikipedia,https://en.wikipedia.org/wiki/Khichdi
Z1-HR-01,Hisar Heritage Bowl Bajra Khichdi,Heritage Bowl Pearl Millet Khichdi,Hisar Heritage Bowl Bajra Khichdi,North,Haryana,Hisar,Haryanvi,NA,NA,National,Veg,occasional,,An old-style bowl served during commemorative feasts.,Boiled,"pearl millet, moong dal, ghee, cumin, spices",https://placehold.co/1200x800?text=Bajra%20Khichdi,Wikipedia,https://en.wikipedia.org/wiki/Khichdi
Z1-HR-01,Karnal Celebration Tray Bajra Khichdi,Celebration Tray Pearl Millet Khichdi,Karnal Celebration Tray Bajra Khichdi,North,Haryana,Karnal,Haryanvi,NA,NA,National,Veg,occasional,,A celebratory tray served during weddings or major festivals.,Boiled,"pearl millet, moong dal, ghee, cumin, spices",https://placehold.co/1200x800?text=Bajra%20Khichdi,Wikipedia,https://en.wikipedia.org/wiki/Khichdi
Z1-HR-01,Rohtak Evening Snack Bajra Khichdi,Evening Snack Pearl Millet Khichdi,Rohtak Evening Snack Bajra Khichdi,North,Haryana,Rohtak,Haryanvi,NA,NA,National,Veg,everyday,snack,,Boiled,"pearl millet, moong dal, ghee, cumin, spices",https://placehold.co/1200x800?text=Bajra%20Khichdi,Wikipedia,https://en.wikipedia.org/wiki/Khichdi
Z1-HR-01,Kurukshetra Lodge Meal Bajra Khichdi,Lodge Meal Pearl Millet Khichdi,Kurukshetra Lodge Meal Bajra Khichdi,North,Haryana,Kurukshetra,Haryanvi,NA,NA,National,Veg,everyday,dinner,,Boiled,"pearl millet, moong dal, ghee, cumin, spices",https://placehold.co/1200x800?text=Bajra%20Khichdi,Wikipedia,https://en.wikipedia.org/wiki/Khichdi
Z1-HR-01,Hisar Soft Tiffin Bajra Khichdi,Soft Tiffin Pearl Millet Khichdi,Hisar Soft Tiffin Bajra Khichdi,North,Haryana,Hisar,Haryanvi,NA,NA,National,Veg,everyday,lunch,,Boiled,"pearl millet, moong dal, ghee, cumin, spices",https://placehold.co/1200x800?text=Bajra%20Khichdi,Wikipedia,https://en.wikipedia.org/wiki/Khichdi
Z1-HR-01,Karnal Quick Serve Bajra Khichdi,Quick Serve Pearl Millet Khichdi,Karnal Quick Serve Bajra Khichdi,North,Haryana,Karnal,Haryanvi,NA,NA,National,Veg,everyday,breakfast,,Boiled,"pearl millet, moong dal, ghee, cumin, spices",https://placehold.co/1200x800?text=Bajra%20Khichdi,Wikipedia,https://en.wikipedia.org/wiki/Khichdi
Z1-HR-01,Rohtak Courtyard Plate Bajra Khichdi,Courtyard Plate Pearl Millet Khichdi,Rohtak Courtyard Plate Bajra Khichdi,North,Haryana,Rohtak,Haryanvi,NA,NA,National,Veg,everyday,lunch,,Boiled,"pearl millet, moong dal, ghee, cumin, spices",https://placehold.co/1200x800?text=Bajra%20Khichdi,Wikipedia,https://en.wikipedia.org/wiki/Khichdi
Z1-HR-02,Karnal Home Style Kachri ki Sabzi,Home Style Kachri Curry,Karnal Home Style Kachri ki Sabzi,North,Haryana,Karnal,Haryanvi,NA,NA,National,Veg,everyday,lunch,,Sauteed/Bhuna,"kachri, onion, tomato, curd, chili, spices",https://placehold.co/1200x800?text=Kachri%20ki%20Sabzi,Wikipedia,https://en.wikipedia.org/wiki/Kachri
Z1-HR-02,Rohtak Street Style Kachri ki Sabzi,Street Style Kachri Curry,Rohtak Street Style Kachri ki Sabzi,North,Haryana,Rohtak,Haryanvi,NA,NA,National,Veg,everyday,snack,,Sauteed/Bhuna,"kachri, onion, tomato, curd, chili, spices",https://placehold.co/1200x800?text=Kachri%20ki%20Sabzi,Wikipedia,https://en.wikipedia.org/wiki/Kachri
Z1-HR-02,Kurukshetra Dhaba Style Kachri ki Sabzi,Dhaba Style Kachri Curry,Kurukshetra Dhaba Style Kachri ki Sabzi,North,Haryana,Kurukshetra,Haryanvi,NA,NA,National,Veg,everyday,lunch,,Sauteed/Bhuna,"kachri, onion, tomato, curd, chili, spices",https://placehold.co/1200x800?text=Kachri%20ki%20Sabzi,Wikipedia,https://en.wikipedia.org/wiki/Kachri
Z1-HR-02,Hisar Tawa Style Kachri ki Sabzi,Tawa Style Kachri Curry,Hisar Tawa Style Kachri ki Sabzi,North,Haryana,Hisar,Haryanvi,NA,NA,National,Veg,everyday,breakfast,,Sauteed/Bhuna,"kachri, onion, tomato, curd, chili, spices",https://placehold.co/1200x800?text=Kachri%20ki%20Sabzi,Wikipedia,https://en.wikipedia.org/wiki/Kachri
Z1-HR-02,Karnal Tandoor Style Kachri ki Sabzi,Tandoor Style Kachri Curry,Karnal Tandoor Style Kachri ki Sabzi,North,Haryana,Karnal,Haryanvi,NA,NA,National,Veg,everyday,dinner,,Sauteed/Bhuna,"kachri, onion, tomato, curd, chili, spices",https://placehold.co/1200x800?text=Kachri%20ki%20Sabzi,Wikipedia,https://en.wikipedia.org/wiki/Kachri
Z1-HR-02,Rohtak Family Thali Kachri ki Sabzi,Family Thali Kachri Curry,Rohtak Family Thali Kachri ki Sabzi,North,Haryana,Rohtak,Haryanvi,NA,NA,National,Veg,everyday,lunch,,Sauteed/Bhuna,"kachri, onion, tomato, curd, chili, spices",https://placehold.co/1200x800?text=Kachri%20ki%20Sabzi,Wikipedia,https://en.wikipedia.org/wiki/Kachri
Z1-HR-02,Kurukshetra Weekend Special Kachri ki Sabzi,Weekend Special Kachri Curry,Kurukshetra Weekend Special Kachri ki Sabzi,North,Haryana,Kurukshetra,Haryanvi,NA,NA,National,Veg,everyday,lunch,,Sauteed/Bhuna,"kachri, onion, tomato, curd, chili, spices",https://placehold.co/1200x800?text=Kachri%20ki%20Sabzi,Wikipedia,https://en.wikipedia.org/wiki/Kachri
Z1-HR-02,Hisar Village Plate Kachri ki Sabzi,Village Plate Kachri Curry,Hisar Village Plate Kachri ki Sabzi,North,Haryana,Hisar,Haryanvi,NA,NA,National,Veg,everyday,dinner,,Sauteed/Bhuna,"kachri, onion, tomato, curd, chili, spices",https://placehold.co/1200x800?text=Kachri%20ki%20Sabzi,Wikipedia,https://en.wikipedia.org/wiki/Kachri
Z1-HR-02,Karnal Packed Lunch Kachri ki Sabzi,Packed Lunch Kachri Curry,Karnal Packed Lunch Kachri ki Sabzi,North,Haryana,Karnal,Haryanvi,NA,NA,National,Veg,everyday,lunch,,Sauteed/Bhuna,"kachri, onion, tomato, curd, chili, spices",https://placehold.co/1200x800?text=Kachri%20ki%20Sabzi,Wikipedia,https://en.wikipedia.org/wiki/Kachri
Z1-HR-02,Rohtak Late-Night Stall Kachri ki Sabzi,Late-Night Stall Kachri Curry,Rohtak Late-Night Stall Kachri ki Sabzi,North,Haryana,Rohtak,Haryanvi,NA,NA,National,Veg,everyday,snack,,Sauteed/Bhuna,"kachri, onion, tomato, curd, chili, spices",https://placehold.co/1200x800?text=Kachri%20ki%20Sabzi,Wikipedia,https://en.wikipedia.org/wiki/Kachri
Z1-HR-02,Kurukshetra Tea-Time Plate Kachri ki Sabzi,Tea-Time Plate Kachri Curry,Kurukshetra Tea-Time Plate Kachri ki Sabzi,North,Haryana,Kurukshetra,Haryanvi,NA,NA,National,Veg,everyday,snack,,Sauteed/Bhuna,"kachri, onion, tomato, curd, chili, spices",https://placehold.co/1200x800?text=Kachri%20ki%20Sabzi,Wikipedia,https://en.wikipedia.org/wiki/Kachri
Z1-HR-02,Hisar Winter Bowl Kachri ki Sabzi,Winter Bowl Kachri Curry,Hisar Winter Bowl Kachri ki Sabzi,North,Haryana,Hisar,Haryanvi,NA,NA,National,Veg,everyday,dinner,,Sauteed/Bhuna,"kachri, onion, tomato, curd, chili, spices",https://placehold.co/1200x800?text=Kachri%20ki%20Sabzi,Wikipedia,https://en.wikipedia.org/wiki/Kachri
Z1-HR-02,Karnal Summer Plate Kachri ki Sabzi,Summer Plate Kachri Curry,Karnal Summer Plate Kachri ki Sabzi,North,Haryana,Karnal,Haryanvi,NA,NA,National,Veg,everyday,lunch,,Sauteed/Bhuna,"kachri, onion, tomato, curd, chili, spices",https://placehold.co/1200x800?text=Kachri%20ki%20Sabzi,Wikipedia,https://en.wikipedia.org/wiki/Kachri
Z1-HR-02,Rohtak Smoky Pot Kachri ki Sabzi,Smoky Pot Kachri Curry,Rohtak Smoky Pot Kachri ki Sabzi,North,Haryana,Rohtak,Haryanvi,NA,NA,National,Veg,everyday,dinner,,Sauteed/Bhuna,"kachri, onion, tomato, curd, chili, spices",https://placehold.co/1200x800?text=Kachri%20ki%20Sabzi,Wikipedia,https://en.wikipedia.org/wiki/Kachri
Z1-HR-02,Kurukshetra Crisp Skillet Kachri ki Sabzi,Crisp Skillet Kachri Curry,Kurukshetra Crisp Skillet Kachri ki Sabzi,North,Haryana,Kurukshetra,Haryanvi,NA,NA,National,Veg,everyday,snack,,Sauteed/Bhuna,"kachri, onion, tomato, curd, chili, spices",https://placehold.co/1200x800?text=Kachri%20ki%20Sabzi,Wikipedia,https://en.wikipedia.org/wiki/Kachri
Z1-HR-02,Hisar Millet Bowl Kachri ki Sabzi,Millet Bowl Kachri Curry,Hisar Millet Bowl Kachri ki Sabzi,North,Haryana,Hisar,Haryanvi,NA,NA,National,Veg,everyday,breakfast,,Sauteed/Bhuna,"kachri, onion, tomato, curd, chili, spices",https://placehold.co/1200x800?text=Kachri%20ki%20Sabzi,Wikipedia,https://en.wikipedia.org/wiki/Kachri
Z1-HR-02,Karnal Picnic Pack Kachri ki Sabzi,Picnic Pack Kachri Curry,Karnal Picnic Pack Kachri ki Sabzi,North,Haryana,Karnal,Haryanvi,NA,NA,National,Veg,everyday,lunch,,Sauteed/Bhuna,"kachri, onion, tomato, curd, chili, spices",https://placehold.co/1200x800?text=Kachri%20ki%20Sabzi,Wikipedia,https://en.wikipedia.org/wiki/Kachri
Z1-HR-02,Rohtak Monsoon Plate Kachri ki Sabzi,Monsoon Plate Kachri Curry,Rohtak Monsoon Plate Kachri ki Sabzi,North,Haryana,Rohtak,Haryanvi,NA,NA,National,Veg,everyday,snack,,Sauteed/Bhuna,"kachri, onion, tomato, curd, chili, spices",https://placehold.co/1200x800?text=Kachri%20ki%20Sabzi,Wikipedia,https://en.wikipedia.org/wiki/Kachri
Z1-HR-02,Kurukshetra Copper Pot Version Kachri ki Sabzi,Copper Pot Version Kachri Curry,Kurukshetra Copper Pot Version Kachri ki Sabzi,North,Haryana,Kurukshetra,Haryanvi,NA,NA,National,Veg,everyday,dinner,,Sauteed/Bhuna,"kachri, onion, tomato, curd, chili, spices",https://placehold.co/1200x800?text=Kachri%20ki%20Sabzi,Wikipedia,https://en.wikipedia.org/wiki/Kachri
Z1-HR-02,Hisar Earth-Oven Batch Kachri ki Sabzi,Earth-Oven Batch Kachri Curry,Hisar Earth-Oven Batch Kachri ki Sabzi,North,Haryana,Hisar,Haryanvi,NA,NA,National,Veg,everyday,lunch,,Sauteed/Bhuna,"kachri, onion, tomato, curd, chili, spices",https://placehold.co/1200x800?text=Kachri%20ki%20Sabzi,Wikipedia,https://en.wikipedia.org/wiki/Kachri
Z1-HR-02,Karnal Comfort Meal Kachri ki Sabzi,Comfort Meal Kachri Curry,Karnal Comfort Meal Kachri ki Sabzi,North,Haryana,Karnal,Haryanvi,NA,NA,National,Veg,everyday,dinner,,Sauteed/Bhuna,"kachri, onion, tomato, curd, chili, spices",https://placehold.co/1200x800?text=Kachri%20ki%20Sabzi,Wikipedia,https://en.wikipedia.org/wiki/Kachri
Z1-HR-02,Rohtak Market Special Kachri ki Sabzi,Market Special Kachri Curry,Rohtak Market Special Kachri ki Sabzi,North,Haryana,Rohtak,Haryanvi,NA,NA,National,Veg,everyday,snack,,Sauteed/Bhuna,"kachri, onion, tomato, curd, chili, spices",https://placehold.co/1200x800?text=Kachri%20ki%20Sabzi,Wikipedia,https://en.wikipedia.org/wiki/Kachri
Z1-HR-02,Kurukshetra Soft Set Kachri ki Sabzi,Soft Set Kachri Curry,Kurukshetra Soft Set Kachri ki Sabzi,North,Haryana,Kurukshetra,Haryanvi,NA,NA,National,Veg,everyday,breakfast,,Sauteed/Bhuna,"kachri, onion, tomato, curd, chili, spices",https://placehold.co/1200x800?text=Kachri%20ki%20Sabzi,Wikipedia,https://en.wikipedia.org/wiki/Kachri
Z1-HR-02,Hisar Flaky Version Kachri ki Sabzi,Flaky Version Kachri Curry,Hisar Flaky Version Kachri ki Sabzi,North,Haryana,Hisar,Haryanvi,NA,NA,National,Veg,everyday,breakfast,,Sauteed/Bhuna,"kachri, onion, tomato, curd, chili, spices",https://placehold.co/1200x800?text=Kachri%20ki%20Sabzi,Wikipedia,https://en.wikipedia.org/wiki/Kachri
Z1-HR-02,Karnal Rich Gravy Bowl Kachri ki Sabzi,Rich Gravy Bowl Kachri Curry,Karnal Rich Gravy Bowl Kachri ki Sabzi,North,Haryana,Karnal,Haryanvi,NA,NA,National,Veg,everyday,dinner,,Sauteed/Bhuna,"kachri, onion, tomato, curd, chili, spices",https://placehold.co/1200x800?text=Kachri%20ki%20Sabzi,Wikipedia,https://en.wikipedia.org/wiki/Kachri
Z1-HR-02,Rohtak Travel-Friendly Pack Kachri ki Sabzi,Travel-Friendly Pack Kachri Curry,Rohtak Travel-Friendly Pack Kachri ki Sabzi,North,Haryana,Rohtak,Haryanvi,NA,NA,National,Veg,everyday,lunch,,Sauteed/Bhuna,"kachri, onion, tomato, curd, chili, spices",https://placehold.co/1200x800?text=Kachri%20ki%20Sabzi,Wikipedia,https://en.wikipedia.org/wiki/Kachri
Z1-HR-02,Kurukshetra Rustic Bowl Kachri ki Sabzi,Rustic Bowl Kachri Curry,Kurukshetra Rustic Bowl Kachri ki Sabzi,North,Haryana,Kurukshetra,Haryanvi,NA,NA,National,Veg,everyday,dinner,,Sauteed/Bhuna,"kachri, onion, tomato, curd, chili, spices",https://placehold.co/1200x800?text=Kachri%20ki%20Sabzi,Wikipedia,https://en.wikipedia.org/wiki/Kachri
Z1-HR-02,Hisar Festival Plate Kachri ki Sabzi,Festival Plate Kachri Curry,Hisar Festival Plate Kachri ki Sabzi,North,Haryana,Hisar,Haryanvi,NA,NA,National,Veg,occasional,,Prepared during regional festivals and family gatherings.,Sauteed/Bhuna,"kachri, onion, tomato, curd, chili, spices",https://placehold.co/1200x800?text=Kachri%20ki%20Sabzi,Wikipedia,https://en.wikipedia.org/wiki/Kachri
Z1-HR-02,Karnal Heritage Platter Kachri ki Sabzi,Heritage Platter Kachri Curry,Karnal Heritage Platter Kachri ki Sabzi,North,Haryana,Karnal,Haryanvi,NA,NA,National,Veg,occasional,,Served as a heritage-style preparation on special occasions.,Sauteed/Bhuna,"kachri, onion, tomato, curd, chili, spices",https://placehold.co/1200x800?text=Kachri%20ki%20Sabzi,Wikipedia,https://en.wikipedia.org/wiki/Kachri
Z1-HR-02,Rohtak Royal Spread Kachri ki Sabzi,Royal Spread Kachri Curry,Rohtak Royal Spread Kachri ki Sabzi,North,Haryana,Rohtak,Haryanvi,NA,NA,National,Veg,occasional,,Associated with ceremonial and royal-style meals.,Sauteed/Bhuna,"kachri, onion, tomato, curd, chili, spices",https://placehold.co/1200x800?text=Kachri%20ki%20Sabzi,Wikipedia,https://en.wikipedia.org/wiki/Kachri
Z1-HR-02,Kurukshetra Family Feast Kachri ki Sabzi,Family Feast Kachri Curry,Kurukshetra Family Feast Kachri ki Sabzi,North,Haryana,Kurukshetra,Haryanvi,NA,NA,National,Veg,occasional,,Prepared for family celebrations and large community meals.,Sauteed/Bhuna,"kachri, onion, tomato, curd, chili, spices",https://placehold.co/1200x800?text=Kachri%20ki%20Sabzi,Wikipedia,https://en.wikipedia.org/wiki/Kachri
Z1-HR-02,Hisar Courtyard Feast Kachri ki Sabzi,Courtyard Feast Kachri Curry,Hisar Courtyard Feast Kachri ki Sabzi,North,Haryana,Hisar,Haryanvi,NA,NA,National,Veg,occasional,,Prepared for courtyard gatherings and festive hosting.,Sauteed/Bhuna,"kachri, onion, tomato, curd, chili, spices",https://placehold.co/1200x800?text=Kachri%20ki%20Sabzi,Wikipedia,https://en.wikipedia.org/wiki/Kachri
Z1-HR-02,Karnal Heritage Bowl Kachri ki Sabzi,Heritage Bowl Kachri Curry,Karnal Heritage Bowl Kachri ki Sabzi,North,Haryana,Karnal,Haryanvi,NA,NA,National,Veg,occasional,,An old-style bowl served during commemorative feasts.,Sauteed/Bhuna,"kachri, onion, tomato, curd, chili, spices",https://placehold.co/1200x800?text=Kachri%20ki%20Sabzi,Wikipedia,https://en.wikipedia.org/wiki/Kachri
Z1-HR-02,Rohtak Celebration Tray Kachri ki Sabzi,Celebration Tray Kachri Curry,Rohtak Celebration Tray Kachri ki Sabzi,North,Haryana,Rohtak,Haryanvi,NA,NA,National,Veg,occasional,,A celebratory tray served during weddings or major festivals.,Sauteed/Bhuna,"kachri, onion, tomato, curd, chili, spices",https://placehold.co/1200x800?text=Kachri%20ki%20Sabzi,Wikipedia,https://en.wikipedia.org/wiki/Kachri
Z1-HR-02,Kurukshetra Evening Snack Kachri ki Sabzi,Evening Snack Kachri Curry,Kurukshetra Evening Snack Kachri ki Sabzi,North,Haryana,Kurukshetra,Haryanvi,NA,NA,National,Veg,everyday,snack,,Sauteed/Bhuna,"kachri, onion, tomato, curd, chili, spices",https://placehold.co/1200x800?text=Kachri%20ki%20Sabzi,Wikipedia,https://en.wikipedia.org/wiki/Kachri
Z1-HR-02,Hisar Lodge Meal Kachri ki Sabzi,Lodge Meal Kachri Curry,Hisar Lodge Meal Kachri ki Sabzi,North,Haryana,Hisar,Haryanvi,NA,NA,National,Veg,everyday,dinner,,Sauteed/Bhuna,"kachri, onion, tomato, curd, chili, spices",https://placehold.co/1200x800?text=Kachri%20ki%20Sabzi,Wikipedia,https://en.wikipedia.org/wiki/Kachri
Z1-HR-02,Karnal Soft Tiffin Kachri ki Sabzi,Soft Tiffin Kachri Curry,Karnal Soft Tiffin Kachri ki Sabzi,North,Haryana,Karnal,Haryanvi,NA,NA,National,Veg,everyday,lunch,,Sauteed/Bhuna,"kachri, onion, tomato, curd, chili, spices",https://placehold.co/1200x800?text=Kachri%20ki%20Sabzi,Wikipedia,https://en.wikipedia.org/wiki/Kachri
Z1-HR-02,Rohtak Quick Serve Kachri ki Sabzi,Quick Serve Kachri Curry,Rohtak Quick Serve Kachri ki Sabzi,North,Haryana,Rohtak,Haryanvi,NA,NA,National,Veg,everyday,breakfast,,Sauteed/Bhuna,"kachri, onion, tomato, curd, chili, spices",https://placehold.co/1200x800?text=Kachri%20ki%20Sabzi,Wikipedia,https://en.wikipedia.org/wiki/Kachri
Z1-HR-02,Kurukshetra Courtyard Plate Kachri ki Sabzi,Courtyard Plate Kachri Curry,Kurukshetra Courtyard Plate Kachri ki Sabzi,North,Haryana,Kurukshetra,Haryanvi,NA,NA,National,Veg,everyday,lunch,,Sauteed/Bhuna,"kachri, onion, tomato, curd, chili, spices",https://placehold.co/1200x800?text=Kachri%20ki%20Sabzi,Wikipedia,https://en.wikipedia.org/wiki/Kachri
Z1-HP-01,Shimla Home Style Siddu,Home Style Steamed Stuffed Bread,Shimla Home Style Siddu,North,Himachal Pradesh,Shimla,Himachali,NA,NA,National,Veg,everyday,lunch,,Steamed,"wheat flour, yeast, walnut, poppy seeds, ghee",https://placehold.co/1200x800?text=Siddu,Wikipedia,https://en.wikipedia.org/wiki/Siddu
Z1-HP-01,Kullu Street Style Siddu,Street Style Steamed Stuffed Bread,Kullu Street Style Siddu,North,Himachal Pradesh,Kullu,Himachali,NA,NA,National,Veg,everyday,snack,,Steamed,"wheat flour, yeast, walnut, poppy seeds, ghee",https://placehold.co/1200x800?text=Siddu,Wikipedia,https://en.wikipedia.org/wiki/Siddu
Z1-HP-01,Mandi Dhaba Style Siddu,Dhaba Style Steamed Stuffed Bread,Mandi Dhaba Style Siddu,North,Himachal Pradesh,Mandi,Himachali,NA,NA,National,Veg,everyday,lunch,,Steamed,"wheat flour, yeast, walnut, poppy seeds, ghee",https://placehold.co/1200x800?text=Siddu,Wikipedia,https://en.wikipedia.org/wiki/Siddu
Z1-HP-01,Dharamshala Tawa Style Siddu,Tawa Style Steamed Stuffed Bread,Dharamshala Tawa Style Siddu,North,Himachal Pradesh,Dharamshala,Himachali,NA,NA,National,Veg,everyday,breakfast,,Steamed,"wheat flour, yeast, walnut, poppy seeds, ghee",https://placehold.co/1200x800?text=Siddu,Wikipedia,https://en.wikipedia.org/wiki/Siddu
Z1-HP-01,Shimla Tandoor Style Siddu,Tandoor Style Steamed Stuffed Bread,Shimla Tandoor Style Siddu,North,Himachal Pradesh,Shimla,Himachali,NA,NA,National,Veg,everyday,dinner,,Steamed,"wheat flour, yeast, walnut, poppy seeds, ghee",https://placehold.co/1200x800?text=Siddu,Wikipedia,https://en.wikipedia.org/wiki/Siddu
Z1-HP-01,Kullu Family Thali Siddu,Family Thali Steamed Stuffed Bread,Kullu Family Thali Siddu,North,Himachal Pradesh,Kullu,Himachali,NA,NA,National,Veg,everyday,lunch,,Steamed,"wheat flour, yeast, walnut, poppy seeds, ghee",https://placehold.co/1200x800?text=Siddu,Wikipedia,https://en.wikipedia.org/wiki/Siddu
Z1-HP-01,Mandi Weekend Special Siddu,Weekend Special Steamed Stuffed Bread,Mandi Weekend Special Siddu,North,Himachal Pradesh,Mandi,Himachali,NA,NA,National,Veg,everyday,lunch,,Steamed,"wheat flour, yeast, walnut, poppy seeds, ghee",https://placehold.co/1200x800?text=Siddu,Wikipedia,https://en.wikipedia.org/wiki/Siddu
Z1-HP-01,Dharamshala Village Plate Siddu,Village Plate Steamed Stuffed Bread,Dharamshala Village Plate Siddu,North,Himachal Pradesh,Dharamshala,Himachali,NA,NA,National,Veg,everyday,dinner,,Steamed,"wheat flour, yeast, walnut, poppy seeds, ghee",https://placehold.co/1200x800?text=Siddu,Wikipedia,https://en.wikipedia.org/wiki/Siddu
Z1-HP-01,Shimla Packed Lunch Siddu,Packed Lunch Steamed Stuffed Bread,Shimla Packed Lunch Siddu,North,Himachal Pradesh,Shimla,Himachali,NA,NA,National,Veg,everyday,lunch,,Steamed,"wheat flour, yeast, walnut, poppy seeds, ghee",https://placehold.co/1200x800?text=Siddu,Wikipedia,https://en.wikipedia.org/wiki/Siddu
Z1-HP-01,Kullu Late-Night Stall Siddu,Late-Night Stall Steamed Stuffed Bread,Kullu Late-Night Stall Siddu,North,Himachal Pradesh,Kullu,Himachali,NA,NA,National,Veg,everyday,snack,,Steamed,"wheat flour, yeast, walnut, poppy seeds, ghee",https://placehold.co/1200x800?text=Siddu,Wikipedia,https://en.wikipedia.org/wiki/Siddu
Z1-HP-01,Mandi Tea-Time Plate Siddu,Tea-Time Plate Steamed Stuffed Bread,Mandi Tea-Time Plate Siddu,North,Himachal Pradesh,Mandi,Himachali,NA,NA,National,Veg,everyday,snack,,Steamed,"wheat flour, yeast, walnut, poppy seeds, ghee",https://placehold.co/1200x800?text=Siddu,Wikipedia,https://en.wikipedia.org/wiki/Siddu
Z1-HP-01,Dharamshala Winter Bowl Siddu,Winter Bowl Steamed Stuffed Bread,Dharamshala Winter Bowl Siddu,North,Himachal Pradesh,Dharamshala,Himachali,NA,NA,National,Veg,everyday,dinner,,Steamed,"wheat flour, yeast, walnut, poppy seeds, ghee",https://placehold.co/1200x800?text=Siddu,Wikipedia,https://en.wikipedia.org/wiki/Siddu
Z1-HP-01,Shimla Summer Plate Siddu,Summer Plate Steamed Stuffed Bread,Shimla Summer Plate Siddu,North,Himachal Pradesh,Shimla,Himachali,NA,NA,National,Veg,everyday,lunch,,Steamed,"wheat flour, yeast, walnut, poppy seeds, ghee",https://placehold.co/1200x800?text=Siddu,Wikipedia,https://en.wikipedia.org/wiki/Siddu
Z1-HP-01,Kullu Smoky Pot Siddu,Smoky Pot Steamed Stuffed Bread,Kullu Smoky Pot Siddu,North,Himachal Pradesh,Kullu,Himachali,NA,NA,National,Veg,everyday,dinner,,Steamed,"wheat flour, yeast, walnut, poppy seeds, ghee",https://placehold.co/1200x800?text=Siddu,Wikipedia,https://en.wikipedia.org/wiki/Siddu
Z1-HP-01,Mandi Crisp Skillet Siddu,Crisp Skillet Steamed Stuffed Bread,Mandi Crisp Skillet Siddu,North,Himachal Pradesh,Mandi,Himachali,NA,NA,National,Veg,everyday,snack,,Steamed,"wheat flour, yeast, walnut, poppy seeds, ghee",https://placehold.co/1200x800?text=Siddu,Wikipedia,https://en.wikipedia.org/wiki/Siddu
Z1-HP-01,Dharamshala Millet Bowl Siddu,Millet Bowl Steamed Stuffed Bread,Dharamshala Millet Bowl Siddu,North,Himachal Pradesh,Dharamshala,Himachali,NA,NA,National,Veg,everyday,breakfast,,Steamed,"wheat flour, yeast, walnut, poppy seeds, ghee",https://placehold.co/1200x800?text=Siddu,Wikipedia,https://en.wikipedia.org/wiki/Siddu
Z1-HP-01,Shimla Picnic Pack Siddu,Picnic Pack Steamed Stuffed Bread,Shimla Picnic Pack Siddu,North,Himachal Pradesh,Shimla,Himachali,NA,NA,National,Veg,everyday,lunch,,Steamed,"wheat flour, yeast, walnut, poppy seeds, ghee",https://placehold.co/1200x800?text=Siddu,Wikipedia,https://en.wikipedia.org/wiki/Siddu
Z1-HP-01,Kullu Monsoon Plate Siddu,Monsoon Plate Steamed Stuffed Bread,Kullu Monsoon Plate Siddu,North,Himachal Pradesh,Kullu,Himachali,NA,NA,National,Veg,everyday,snack,,Steamed,"wheat flour, yeast, walnut, poppy seeds, ghee",https://placehold.co/1200x800?text=Siddu,Wikipedia,https://en.wikipedia.org/wiki/Siddu
Z1-HP-01,Mandi Copper Pot Version Siddu,Copper Pot Version Steamed Stuffed Bread,Mandi Copper Pot Version Siddu,North,Himachal Pradesh,Mandi,Himachali,NA,NA,National,Veg,everyday,dinner,,Steamed,"wheat flour, yeast, walnut, poppy seeds, ghee",https://placehold.co/1200x800?text=Siddu,Wikipedia,https://en.wikipedia.org/wiki/Siddu
Z1-HP-01,Dharamshala Earth-Oven Batch Siddu,Earth-Oven Batch Steamed Stuffed Bread,Dharamshala Earth-Oven Batch Siddu,North,Himachal Pradesh,Dharamshala,Himachali,NA,NA,National,Veg,everyday,lunch,,Steamed,"wheat flour, yeast, walnut, poppy seeds, ghee",https://placehold.co/1200x800?text=Siddu,Wikipedia,https://en.wikipedia.org/wiki/Siddu
Z1-HP-01,Shimla Comfort Meal Siddu,Comfort Meal Steamed Stuffed Bread,Shimla Comfort Meal Siddu,North,Himachal Pradesh,Shimla,Himachali,NA,NA,National,Veg,everyday,dinner,,Steamed,"wheat flour, yeast, walnut, poppy seeds, ghee",https://placehold.co/1200x800?text=Siddu,Wikipedia,https://en.wikipedia.org/wiki/Siddu
Z1-HP-01,Kullu Market Special Siddu,Market Special Steamed Stuffed Bread,Kullu Market Special Siddu,North,Himachal Pradesh,Kullu,Himachali,NA,NA,National,Veg,everyday,snack,,Steamed,"wheat flour, yeast, walnut, poppy seeds, ghee",https://placehold.co/1200x800?text=Siddu,Wikipedia,https://en.wikipedia.org/wiki/Siddu
Z1-HP-01,Mandi Soft Set Siddu,Soft Set Steamed Stuffed Bread,Mandi Soft Set Siddu,North,Himachal Pradesh,Mandi,Himachali,NA,NA,National,Veg,everyday,breakfast,,Steamed,"wheat flour, yeast, walnut, poppy seeds, ghee",https://placehold.co/1200x800?text=Siddu,Wikipedia,https://en.wikipedia.org/wiki/Siddu
Z1-HP-01,Dharamshala Flaky Version Siddu,Flaky Version Steamed Stuffed Bread,Dharamshala Flaky Version Siddu,North,Himachal Pradesh,Dharamshala,Himachali,NA,NA,National,Veg,everyday,breakfast,,Steamed,"wheat flour, yeast, walnut, poppy seeds, ghee",https://placehold.co/1200x800?text=Siddu,Wikipedia,https://en.wikipedia.org/wiki/Siddu
Z1-HP-01,Shimla Rich Gravy Bowl Siddu,Rich Gravy Bowl Steamed Stuffed Bread,Shimla Rich Gravy Bowl Siddu,North,Himachal Pradesh,Shimla,Himachali,NA,NA,National,Veg,everyday,dinner,,Steamed,"wheat flour, yeast, walnut, poppy seeds, ghee",https://placehold.co/1200x800?text=Siddu,Wikipedia,https://en.wikipedia.org/wiki/Siddu
Z1-HP-01,Kullu Travel-Friendly Pack Siddu,Travel-Friendly Pack Steamed Stuffed Bread,Kullu Travel-Friendly Pack Siddu,North,Himachal Pradesh,Kullu,Himachali,NA,NA,National,Veg,everyday,lunch,,Steamed,"wheat flour, yeast, walnut, poppy seeds, ghee",https://placehold.co/1200x800?text=Siddu,Wikipedia,https://en.wikipedia.org/wiki/Siddu
Z1-HP-01,Mandi Rustic Bowl Siddu,Rustic Bowl Steamed Stuffed Bread,Mandi Rustic Bowl Siddu,North,Himachal Pradesh,Mandi,Himachali,NA,NA,National,Veg,everyday,dinner,,Steamed,"wheat flour, yeast, walnut, poppy seeds, ghee",https://placehold.co/1200x800?text=Siddu,Wikipedia,https://en.wikipedia.org/wiki/Siddu
Z1-HP-01,Dharamshala Festival Plate Siddu,Festival Plate Steamed Stuffed Bread,Dharamshala Festival Plate Siddu,North,Himachal Pradesh,Dharamshala,Himachali,NA,NA,National,Veg,occasional,,Prepared during regional festivals and family gatherings.,Steamed,"wheat flour, yeast, walnut, poppy seeds, ghee",https://placehold.co/1200x800?text=Siddu,Wikipedia,https://en.wikipedia.org/wiki/Siddu
Z1-HP-01,Shimla Heritage Platter Siddu,Heritage Platter Steamed Stuffed Bread,Shimla Heritage Platter Siddu,North,Himachal Pradesh,Shimla,Himachali,NA,NA,National,Veg,occasional,,Served as a heritage-style preparation on special occasions.,Steamed,"wheat flour, yeast, walnut, poppy seeds, ghee",https://placehold.co/1200x800?text=Siddu,Wikipedia,https://en.wikipedia.org/wiki/Siddu
Z1-HP-01,Kullu Royal Spread Siddu,Royal Spread Steamed Stuffed Bread,Kullu Royal Spread Siddu,North,Himachal Pradesh,Kullu,Himachali,NA,NA,National,Veg,occasional,,Associated with ceremonial and royal-style meals.,Steamed,"wheat flour, yeast, walnut, poppy seeds, ghee",https://placehold.co/1200x800?text=Siddu,Wikipedia,https://en.wikipedia.org/wiki/Siddu
Z1-HP-01,Mandi Family Feast Siddu,Family Feast Steamed Stuffed Bread,Mandi Family Feast Siddu,North,Himachal Pradesh,Mandi,Himachali,NA,NA,National,Veg,occasional,,Prepared for family celebrations and large community meals.,Steamed,"wheat flour, yeast, walnut, poppy seeds, ghee",https://placehold.co/1200x800?text=Siddu,Wikipedia,https://en.wikipedia.org/wiki/Siddu
Z1-HP-01,Dharamshala Courtyard Feast Siddu,Courtyard Feast Steamed Stuffed Bread,Dharamshala Courtyard Feast Siddu,North,Himachal Pradesh,Dharamshala,Himachali,NA,NA,National,Veg,occasional,,Prepared for courtyard gatherings and festive hosting.,Steamed,"wheat flour, yeast, walnut, poppy seeds, ghee",https://placehold.co/1200x800?text=Siddu,Wikipedia,https://en.wikipedia.org/wiki/Siddu
Z1-HP-01,Shimla Heritage Bowl Siddu,Heritage Bowl Steamed Stuffed Bread,Shimla Heritage Bowl Siddu,North,Himachal Pradesh,Shimla,Himachali,NA,NA,National,Veg,occasional,,An old-style bowl served during commemorative feasts.,Steamed,"wheat flour, yeast, walnut, poppy seeds, ghee",https://placehold.co/1200x800?text=Siddu,Wikipedia,https://en.wikipedia.org/wiki/Siddu
Z1-HP-01,Kullu Celebration Tray Siddu,Celebration Tray Steamed Stuffed Bread,Kullu Celebration Tray Siddu,North,Himachal Pradesh,Kullu,Himachali,NA,NA,National,Veg,occasional,,A celebratory tray served during weddings or major festivals.,Steamed,"wheat flour, yeast, walnut, poppy seeds, ghee",https://placehold.co/1200x800?text=Siddu,Wikipedia,https://en.wikipedia.org/wiki/Siddu
Z1-HP-01,Mandi Evening Snack Siddu,Evening Snack Steamed Stuffed Bread,Mandi Evening Snack Siddu,North,Himachal Pradesh,Mandi,Himachali,NA,NA,National,Veg,everyday,snack,,Steamed,"wheat flour, yeast, walnut, poppy seeds, ghee",https://placehold.co/1200x800?text=Siddu,Wikipedia,https://en.wikipedia.org/wiki/Siddu
Z1-HP-01,Dharamshala Lodge Meal Siddu,Lodge Meal Steamed Stuffed Bread,Dharamshala Lodge Meal Siddu,North,Himachal Pradesh,Dharamshala,Himachali,NA,NA,National,Veg,everyday,dinner,,Steamed,"wheat flour, yeast, walnut, poppy seeds, ghee",https://placehold.co/1200x800?text=Siddu,Wikipedia,https://en.wikipedia.org/wiki/Siddu
Z1-HP-01,Shimla Soft Tiffin Siddu,Soft Tiffin Steamed Stuffed Bread,Shimla Soft Tiffin Siddu,North,Himachal Pradesh,Shimla,Himachali,NA,NA,National,Veg,everyday,lunch,,Steamed,"wheat flour, yeast, walnut, poppy seeds, ghee",https://placehold.co/1200x800?text=Siddu,Wikipedia,https://en.wikipedia.org/wiki/Siddu
Z1-HP-01,Kullu Quick Serve Siddu,Quick Serve Steamed Stuffed Bread,Kullu Quick Serve Siddu,North,Himachal Pradesh,Kullu,Himachali,NA,NA,National,Veg,everyday,breakfast,,Steamed,"wheat flour, yeast, walnut, poppy seeds, ghee",https://placehold.co/1200x800?text=Siddu,Wikipedia,https://en.wikipedia.org/wiki/Siddu
Z1-HP-01,Mandi Courtyard Plate Siddu,Courtyard Plate Steamed Stuffed Bread,Mandi Courtyard Plate Siddu,North,Himachal Pradesh,Mandi,Himachali,NA,NA,National,Veg,everyday,lunch,,Steamed,"wheat flour, yeast, walnut, poppy seeds, ghee",https://placehold.co/1200x800?text=Siddu,Wikipedia,https://en.wikipedia.org/wiki/Siddu
Z1-HP-02,Kullu Home Style Dham,Home Style Himachali Feast,Kullu Home Style Dham,North,Himachal Pradesh,Kullu,Himachali,NA,NA,National,Veg,everyday,lunch,,Dum/Braised,"rice, lentils, rajma, yogurt, ghee, spices",https://placehold.co/1200x800?text=Dham,Wikipedia,https://en.wikipedia.org/wiki/Himachali_dham
Z1-HP-02,Mandi Street Style Dham,Street Style Himachali Feast,Mandi Street Style Dham,North,Himachal Pradesh,Mandi,Himachali,NA,NA,National,Veg,everyday,snack,,Dum/Braised,"rice, lentils, rajma, yogurt, ghee, spices",https://placehold.co/1200x800?text=Dham,Wikipedia,https://en.wikipedia.org/wiki/Himachali_dham
Z1-HP-02,Dharamshala Dhaba Style Dham,Dhaba Style Himachali Feast,Dharamshala Dhaba Style Dham,North,Himachal Pradesh,Dharamshala,Himachali,NA,NA,National,Veg,everyday,lunch,,Dum/Braised,"rice, lentils, rajma, yogurt, ghee, spices",https://placehold.co/1200x800?text=Dham,Wikipedia,https://en.wikipedia.org/wiki/Himachali_dham
Z1-HP-02,Shimla Tawa Style Dham,Tawa Style Himachali Feast,Shimla Tawa Style Dham,North,Himachal Pradesh,Shimla,Himachali,NA,NA,National,Veg,everyday,breakfast,,Dum/Braised,"rice, lentils, rajma, yogurt, ghee, spices",https://placehold.co/1200x800?text=Dham,Wikipedia,https://en.wikipedia.org/wiki/Himachali_dham
Z1-HP-02,Kullu Tandoor Style Dham,Tandoor Style Himachali Feast,Kullu Tandoor Style Dham,North,Himachal Pradesh,Kullu,Himachali,NA,NA,National,Veg,everyday,dinner,,Dum/Braised,"rice, lentils, rajma, yogurt, ghee, spices",https://placehold.co/1200x800?text=Dham,Wikipedia,https://en.wikipedia.org/wiki/Himachali_dham
Z1-HP-02,Mandi Family Thali Dham,Family Thali Himachali Feast,Mandi Family Thali Dham,North,Himachal Pradesh,Mandi,Himachali,NA,NA,National,Veg,everyday,lunch,,Dum/Braised,"rice, lentils, rajma, yogurt, ghee, spices",https://placehold.co/1200x800?text=Dham,Wikipedia,https://en.wikipedia.org/wiki/Himachali_dham
Z1-HP-02,Dharamshala Weekend Special Dham,Weekend Special Himachali Feast,Dharamshala Weekend Special Dham,North,Himachal Pradesh,Dharamshala,Himachali,NA,NA,National,Veg,everyday,lunch,,Dum/Braised,"rice, lentils, rajma, yogurt, ghee, spices",https://placehold.co/1200x800?text=Dham,Wikipedia,https://en.wikipedia.org/wiki/Himachali_dham
Z1-HP-02,Shimla Village Plate Dham,Village Plate Himachali Feast,Shimla Village Plate Dham,North,Himachal Pradesh,Shimla,Himachali,NA,NA,National,Veg,everyday,dinner,,Dum/Braised,"rice, lentils, rajma, yogurt, ghee, spices",https://placehold.co/1200x800?text=Dham,Wikipedia,https://en.wikipedia.org/wiki/Himachali_dham
Z1-HP-02,Kullu Packed Lunch Dham,Packed Lunch Himachali Feast,Kullu Packed Lunch Dham,North,Himachal Pradesh,Kullu,Himachali,NA,NA,National,Veg,everyday,lunch,,Dum/Braised,"rice, lentils, rajma, yogurt, ghee, spices",https://placehold.co/1200x800?text=Dham,Wikipedia,https://en.wikipedia.org/wiki/Himachali_dham
Z1-HP-02,Mandi Late-Night Stall Dham,Late-Night Stall Himachali Feast,Mandi Late-Night Stall Dham,North,Himachal Pradesh,Mandi,Himachali,NA,NA,National,Veg,everyday,snack,,Dum/Braised,"rice, lentils, rajma, yogurt, ghee, spices",https://placehold.co/1200x800?text=Dham,Wikipedia,https://en.wikipedia.org/wiki/Himachali_dham
Z1-HP-02,Dharamshala Tea-Time Plate Dham,Tea-Time Plate Himachali Feast,Dharamshala Tea-Time Plate Dham,North,Himachal Pradesh,Dharamshala,Himachali,NA,NA,National,Veg,everyday,snack,,Dum/Braised,"rice, lentils, rajma, yogurt, ghee, spices",https://placehold.co/1200x800?text=Dham,Wikipedia,https://en.wikipedia.org/wiki/Himachali_dham
Z1-HP-02,Shimla Winter Bowl Dham,Winter Bowl Himachali Feast,Shimla Winter Bowl Dham,North,Himachal Pradesh,Shimla,Himachali,NA,NA,National,Veg,everyday,dinner,,Dum/Braised,"rice, lentils, rajma, yogurt, ghee, spices",https://placehold.co/1200x800?text=Dham,Wikipedia,https://en.wikipedia.org/wiki/Himachali_dham
Z1-HP-02,Kullu Summer Plate Dham,Summer Plate Himachali Feast,Kullu Summer Plate Dham,North,Himachal Pradesh,Kullu,Himachali,NA,NA,National,Veg,everyday,lunch,,Dum/Braised,"rice, lentils, rajma, yogurt, ghee, spices",https://placehold.co/1200x800?text=Dham,Wikipedia,https://en.wikipedia.org/wiki/Himachali_dham
Z1-HP-02,Mandi Smoky Pot Dham,Smoky Pot Himachali Feast,Mandi Smoky Pot Dham,North,Himachal Pradesh,Mandi,Himachali,NA,NA,National,Veg,everyday,dinner,,Dum/Braised,"rice, lentils, rajma, yogurt, ghee, spices",https://placehold.co/1200x800?text=Dham,Wikipedia,https://en.wikipedia.org/wiki/Himachali_dham
Z1-HP-02,Dharamshala Crisp Skillet Dham,Crisp Skillet Himachali Feast,Dharamshala Crisp Skillet Dham,North,Himachal Pradesh,Dharamshala,Himachali,NA,NA,National,Veg,everyday,snack,,Dum/Braised,"rice, lentils, rajma, yogurt, ghee, spices",https://placehold.co/1200x800?text=Dham,Wikipedia,https://en.wikipedia.org/wiki/Himachali_dham
Z1-HP-02,Shimla Millet Bowl Dham,Millet Bowl Himachali Feast,Shimla Millet Bowl Dham,North,Himachal Pradesh,Shimla,Himachali,NA,NA,National,Veg,everyday,breakfast,,Dum/Braised,"rice, lentils, rajma, yogurt, ghee, spices",https://placehold.co/1200x800?text=Dham,Wikipedia,https://en.wikipedia.org/wiki/Himachali_dham
Z1-HP-02,Kullu Picnic Pack Dham,Picnic Pack Himachali Feast,Kullu Picnic Pack Dham,North,Himachal Pradesh,Kullu,Himachali,NA,NA,National,Veg,everyday,lunch,,Dum/Braised,"rice, lentils, rajma, yogurt, ghee, spices",https://placehold.co/1200x800?text=Dham,Wikipedia,https://en.wikipedia.org/wiki/Himachali_dham
Z1-HP-02,Mandi Monsoon Plate Dham,Monsoon Plate Himachali Feast,Mandi Monsoon Plate Dham,North,Himachal Pradesh,Mandi,Himachali,NA,NA,National,Veg,everyday,snack,,Dum/Braised,"rice, lentils, rajma, yogurt, ghee, spices",https://placehold.co/1200x800?text=Dham,Wikipedia,https://en.wikipedia.org/wiki/Himachali_dham
Z1-HP-02,Dharamshala Copper Pot Version Dham,Copper Pot Version Himachali Feast,Dharamshala Copper Pot Version Dham,North,Himachal Pradesh,Dharamshala,Himachali,NA,NA,National,Veg,everyday,dinner,,Dum/Braised,"rice, lentils, rajma, yogurt, ghee, spices",https://placehold.co/1200x800?text=Dham,Wikipedia,https://en.wikipedia.org/wiki/Himachali_dham
Z1-HP-02,Shimla Earth-Oven Batch Dham,Earth-Oven Batch Himachali Feast,Shimla Earth-Oven Batch Dham,North,Himachal Pradesh,Shimla,Himachali,NA,NA,National,Veg,everyday,lunch,,Dum/Braised,"rice, lentils, rajma, yogurt, ghee, spices",https://placehold.co/1200x800?text=Dham,Wikipedia,https://en.wikipedia.org/wiki/Himachali_dham
Z1-HP-02,Kullu Comfort Meal Dham,Comfort Meal Himachali Feast,Kullu Comfort Meal Dham,North,Himachal Pradesh,Kullu,Himachali,NA,NA,National,Veg,everyday,dinner,,Dum/Braised,"rice, lentils, rajma, yogurt, ghee, spices",https://placehold.co/1200x800?text=Dham,Wikipedia,https://en.wikipedia.org/wiki/Himachali_dham
Z1-HP-02,Mandi Market Special Dham,Market Special Himachali Feast,Mandi Market Special Dham,North,Himachal Pradesh,Mandi,Himachali,NA,NA,National,Veg,everyday,snack,,Dum/Braised,"rice, lentils, rajma, yogurt, ghee, spices",https://placehold.co/1200x800?text=Dham,Wikipedia,https://en.wikipedia.org/wiki/Himachali_dham
Z1-HP-02,Dharamshala Soft Set Dham,Soft Set Himachali Feast,Dharamshala Soft Set Dham,North,Himachal Pradesh,Dharamshala,Himachali,NA,NA,National,Veg,everyday,breakfast,,Dum/Braised,"rice, lentils, rajma, yogurt, ghee, spices",https://placehold.co/1200x800?text=Dham,Wikipedia,https://en.wikipedia.org/wiki/Himachali_dham
Z1-HP-02,Shimla Flaky Version Dham,Flaky Version Himachali Feast,Shimla Flaky Version Dham,North,Himachal Pradesh,Shimla,Himachali,NA,NA,National,Veg,everyday,breakfast,,Dum/Braised,"rice, lentils, rajma, yogurt, ghee, spices",https://placehold.co/1200x800?text=Dham,Wikipedia,https://en.wikipedia.org/wiki/Himachali_dham
Z1-HP-02,Kullu Rich Gravy Bowl Dham,Rich Gravy Bowl Himachali Feast,Kullu Rich Gravy Bowl Dham,North,Himachal Pradesh,Kullu,Himachali,NA,NA,National,Veg,everyday,dinner,,Dum/Braised,"rice, lentils, rajma, yogurt, ghee, spices",https://placehold.co/1200x800?text=Dham,Wikipedia,https://en.wikipedia.org/wiki/Himachali_dham
Z1-HP-02,Mandi Travel-Friendly Pack Dham,Travel-Friendly Pack Himachali Feast,Mandi Travel-Friendly Pack Dham,North,Himachal Pradesh,Mandi,Himachali,NA,NA,National,Veg,everyday,lunch,,Dum/Braised,"rice, lentils, rajma, yogurt, ghee, spices",https://placehold.co/1200x800?text=Dham,Wikipedia,https://en.wikipedia.org/wiki/Himachali_dham
Z1-HP-02,Dharamshala Rustic Bowl Dham,Rustic Bowl Himachali Feast,Dharamshala Rustic Bowl Dham,North,Himachal Pradesh,Dharamshala,Himachali,NA,NA,National,Veg,everyday,dinner,,Dum/Braised,"rice, lentils, rajma, yogurt, ghee, spices",https://placehold.co/1200x800?text=Dham,Wikipedia,https://en.wikipedia.org/wiki/Himachali_dham
Z1-HP-02,Shimla Festival Plate Dham,Festival Plate Himachali Feast,Shimla Festival Plate Dham,North,Himachal Pradesh,Shimla,Himachali,NA,NA,National,Veg,occasional,,Prepared during regional festivals and family gatherings.,Dum/Braised,"rice, lentils, rajma, yogurt, ghee, spices",https://placehold.co/1200x800?text=Dham,Wikipedia,https://en.wikipedia.org/wiki/Himachali_dham
Z1-HP-02,Kullu Heritage Platter Dham,Heritage Platter Himachali Feast,Kullu Heritage Platter Dham,North,Himachal Pradesh,Kullu,Himachali,NA,NA,National,Veg,occasional,,Served as a heritage-style preparation on special occasions.,Dum/Braised,"rice, lentils, rajma, yogurt, ghee, spices",https://placehold.co/1200x800?text=Dham,Wikipedia,https://en.wikipedia.org/wiki/Himachali_dham
Z1-HP-02,Mandi Royal Spread Dham,Royal Spread Himachali Feast,Mandi Royal Spread Dham,North,Himachal Pradesh,Mandi,Himachali,NA,NA,National,Veg,occasional,,Associated with ceremonial and royal-style meals.,Dum/Braised,"rice, lentils, rajma, yogurt, ghee, spices",https://placehold.co/1200x800?text=Dham,Wikipedia,https://en.wikipedia.org/wiki/Himachali_dham
Z1-HP-02,Dharamshala Family Feast Dham,Family Feast Himachali Feast,Dharamshala Family Feast Dham,North,Himachal Pradesh,Dharamshala,Himachali,NA,NA,National,Veg,occasional,,Prepared for family celebrations and large community meals.,Dum/Braised,"rice, lentils, rajma, yogurt, ghee, spices",https://placehold.co/1200x800?text=Dham,Wikipedia,https://en.wikipedia.org/wiki/Himachali_dham
Z1-HP-02,Shimla Courtyard Feast Dham,Courtyard Feast Himachali Feast,Shimla Courtyard Feast Dham,North,Himachal Pradesh,Shimla,Himachali,NA,NA,National,Veg,occasional,,Prepared for courtyard gatherings and festive hosting.,Dum/Braised,"rice, lentils, rajma, yogurt, ghee, spices",https://placehold.co/1200x800?text=Dham,Wikipedia,https://en.wikipedia.org/wiki/Himachali_dham
Z1-HP-02,Kullu Heritage Bowl Dham,Heritage Bowl Himachali Feast,Kullu Heritage Bowl Dham,North,Himachal Pradesh,Kullu,Himachali,NA,NA,National,Veg,occasional,,An old-style bowl served during commemorative feasts.,Dum/Braised,"rice, lentils, rajma, yogurt, ghee, spices",https://placehold.co/1200x800?text=Dham,Wikipedia,https://en.wikipedia.org/wiki/Himachali_dham
Z1-HP-02,Mandi Celebration Tray Dham,Celebration Tray Himachali Feast,Mandi Celebration Tray Dham,North,Himachal Pradesh,Mandi,Himachali,NA,NA,National,Veg,occasional,,A celebratory tray served during weddings or major festivals.,Dum/Braised,"rice, lentils, rajma, yogurt, ghee, spices",https://placehold.co/1200x800?text=Dham,Wikipedia,https://en.wikipedia.org/wiki/Himachali_dham
Z1-HP-02,Dharamshala Evening Snack Dham,Evening Snack Himachali Feast,Dharamshala Evening Snack Dham,North,Himachal Pradesh,Dharamshala,Himachali,NA,NA,National,Veg,everyday,snack,,Dum/Braised,"rice, lentils, rajma, yogurt, ghee, spices",https://placehold.co/1200x800?text=Dham,Wikipedia,https://en.wikipedia.org/wiki/Himachali_dham
Z1-HP-02,Shimla Lodge Meal Dham,Lodge Meal Himachali Feast,Shimla Lodge Meal Dham,North,Himachal Pradesh,Shimla,Himachali,NA,NA,National,Veg,everyday,dinner,,Dum/Braised,"rice, lentils, rajma, yogurt, ghee, spices",https://placehold.co/1200x800?text=Dham,Wikipedia,https://en.wikipedia.org/wiki/Himachali_dham
Z1-HP-02,Kullu Soft Tiffin Dham,Soft Tiffin Himachali Feast,Kullu Soft Tiffin Dham,North,Himachal Pradesh,Kullu,Himachali,NA,NA,National,Veg,everyday,lunch,,Dum/Braised,"rice, lentils, rajma, yogurt, ghee, spices",https://placehold.co/1200x800?text=Dham,Wikipedia,https://en.wikipedia.org/wiki/Himachali_dham
Z1-HP-02,Mandi Quick Serve Dham,Quick Serve Himachali Feast,Mandi Quick Serve Dham,North,Himachal Pradesh,Mandi,Himachali,NA,NA,National,Veg,everyday,breakfast,,Dum/Braised,"rice, lentils, rajma, yogurt, ghee, spices",https://placehold.co/1200x800?text=Dham,Wikipedia,https://en.wikipedia.org/wiki/Himachali_dham
Z1-HP-02,Dharamshala Courtyard Plate Dham,Courtyard Plate Himachali Feast,Dharamshala Courtyard Plate Dham,North,Himachal Pradesh,Dharamshala,Himachali,NA,NA,National,Veg,everyday,lunch,,Dum/Braised,"rice, lentils, rajma, yogurt, ghee, spices",https://placehold.co/1200x800?text=Dham,Wikipedia,https://en.wikipedia.org/wiki/Himachali_dham
Z1-UK-01,Dehradun Home Style Kafuli,Home Style Spinach and Fenugreek Curry,Dehradun Home Style Kafuli,North,Uttarakhand,Dehradun,Garhwali/Kumaoni,NA,NA,National,Veg,everyday,lunch,,Simmered/Stewed,"spinach, fenugreek, rice flour, garlic, spices, ghee",https://placehold.co/1200x800?text=Kafuli,Wikipedia,https://en.wikipedia.org/wiki/Kafuli
Z1-UK-01,Nainital Street Style Kafuli,Street Style Spinach and Fenugreek Curry,Nainital Street Style Kafuli,North,Uttarakhand,Nainital,Garhwali/Kumaoni,NA,NA,National,Veg,everyday,snack,,Simmered/Stewed,"spinach, fenugreek, rice flour, garlic, spices, ghee",https://placehold.co/1200x800?text=Kafuli,Wikipedia,https://en.wikipedia.org/wiki/Kafuli
Z1-UK-01,Almora Dhaba Style Kafuli,Dhaba Style Spinach and Fenugreek Curry,Almora Dhaba Style Kafuli,North,Uttarakhand,Almora,Garhwali/Kumaoni,NA,NA,National,Veg,everyday,lunch,,Simmered/Stewed,"spinach, fenugreek, rice flour, garlic, spices, ghee",https://placehold.co/1200x800?text=Kafuli,Wikipedia,https://en.wikipedia.org/wiki/Kafuli
Z1-UK-01,Pauri Tawa Style Kafuli,Tawa Style Spinach and Fenugreek Curry,Pauri Tawa Style Kafuli,North,Uttarakhand,Pauri,Garhwali/Kumaoni,NA,NA,National,Veg,everyday,breakfast,,Simmered/Stewed,"spinach, fenugreek, rice flour, garlic, spices, ghee",https://placehold.co/1200x800?text=Kafuli,Wikipedia,https://en.wikipedia.org/wiki/Kafuli
Z1-UK-01,Dehradun Tandoor Style Kafuli,Tandoor Style Spinach and Fenugreek Curry,Dehradun Tandoor Style Kafuli,North,Uttarakhand,Dehradun,Garhwali/Kumaoni,NA,NA,National,Veg,everyday,dinner,,Simmered/Stewed,"spinach, fenugreek, rice flour, garlic, spices, ghee",https://placehold.co/1200x800?text=Kafuli,Wikipedia,https://en.wikipedia.org/wiki/Kafuli
Z1-UK-01,Nainital Family Thali Kafuli,Family Thali Spinach and Fenugreek Curry,Nainital Family Thali Kafuli,North,Uttarakhand,Nainital,Garhwali/Kumaoni,NA,NA,National,Veg,everyday,lunch,,Simmered/Stewed,"spinach, fenugreek, rice flour, garlic, spices, ghee",https://placehold.co/1200x800?text=Kafuli,Wikipedia,https://en.wikipedia.org/wiki/Kafuli
Z1-UK-01,Almora Weekend Special Kafuli,Weekend Special Spinach and Fenugreek Curry,Almora Weekend Special Kafuli,North,Uttarakhand,Almora,Garhwali/Kumaoni,NA,NA,National,Veg,everyday,lunch,,Simmered/Stewed,"spinach, fenugreek, rice flour, garlic, spices, ghee",https://placehold.co/1200x800?text=Kafuli,Wikipedia,https://en.wikipedia.org/wiki/Kafuli
Z1-UK-01,Pauri Village Plate Kafuli,Village Plate Spinach and Fenugreek Curry,Pauri Village Plate Kafuli,North,Uttarakhand,Pauri,Garhwali/Kumaoni,NA,NA,National,Veg,everyday,dinner,,Simmered/Stewed,"spinach, fenugreek, rice flour, garlic, spices, ghee",https://placehold.co/1200x800?text=Kafuli,Wikipedia,https://en.wikipedia.org/wiki/Kafuli
Z1-UK-01,Dehradun Packed Lunch Kafuli,Packed Lunch Spinach and Fenugreek Curry,Dehradun Packed Lunch Kafuli,North,Uttarakhand,Dehradun,Garhwali/Kumaoni,NA,NA,National,Veg,everyday,lunch,,Simmered/Stewed,"spinach, fenugreek, rice flour, garlic, spices, ghee",https://placehold.co/1200x800?text=Kafuli,Wikipedia,https://en.wikipedia.org/wiki/Kafuli
Z1-UK-01,Nainital Late-Night Stall Kafuli,Late-Night Stall Spinach and Fenugreek Curry,Nainital Late-Night Stall Kafuli,North,Uttarakhand,Nainital,Garhwali/Kumaoni,NA,NA,National,Veg,everyday,snack,,Simmered/Stewed,"spinach, fenugreek, rice flour, garlic, spices, ghee",https://placehold.co/1200x800?text=Kafuli,Wikipedia,https://en.wikipedia.org/wiki/Kafuli
Z1-UK-01,Almora Tea-Time Plate Kafuli,Tea-Time Plate Spinach and Fenugreek Curry,Almora Tea-Time Plate Kafuli,North,Uttarakhand,Almora,Garhwali/Kumaoni,NA,NA,National,Veg,everyday,snack,,Simmered/Stewed,"spinach, fenugreek, rice flour, garlic, spices, ghee",https://placehold.co/1200x800?text=Kafuli,Wikipedia,https://en.wikipedia.org/wiki/Kafuli
Z1-UK-01,Pauri Winter Bowl Kafuli,Winter Bowl Spinach and Fenugreek Curry,Pauri Winter Bowl Kafuli,North,Uttarakhand,Pauri,Garhwali/Kumaoni,NA,NA,National,Veg,everyday,dinner,,Simmered/Stewed,"spinach, fenugreek, rice flour, garlic, spices, ghee",https://placehold.co/1200x800?text=Kafuli,Wikipedia,https://en.wikipedia.org/wiki/Kafuli
Z1-UK-01,Dehradun Summer Plate Kafuli,Summer Plate Spinach and Fenugreek Curry,Dehradun Summer Plate Kafuli,North,Uttarakhand,Dehradun,Garhwali/Kumaoni,NA,NA,National,Veg,everyday,lunch,,Simmered/Stewed,"spinach, fenugreek, rice flour, garlic, spices, ghee",https://placehold.co/1200x800?text=Kafuli,Wikipedia,https://en.wikipedia.org/wiki/Kafuli
Z1-UK-01,Nainital Smoky Pot Kafuli,Smoky Pot Spinach and Fenugreek Curry,Nainital Smoky Pot Kafuli,North,Uttarakhand,Nainital,Garhwali/Kumaoni,NA,NA,National,Veg,everyday,dinner,,Simmered/Stewed,"spinach, fenugreek, rice flour, garlic, spices, ghee",https://placehold.co/1200x800?text=Kafuli,Wikipedia,https://en.wikipedia.org/wiki/Kafuli
Z1-UK-01,Almora Crisp Skillet Kafuli,Crisp Skillet Spinach and Fenugreek Curry,Almora Crisp Skillet Kafuli,North,Uttarakhand,Almora,Garhwali/Kumaoni,NA,NA,National,Veg,everyday,snack,,Simmered/Stewed,"spinach, fenugreek, rice flour, garlic, spices, ghee",https://placehold.co/1200x800?text=Kafuli,Wikipedia,https://en.wikipedia.org/wiki/Kafuli
Z1-UK-01,Pauri Millet Bowl Kafuli,Millet Bowl Spinach and Fenugreek Curry,Pauri Millet Bowl Kafuli,North,Uttarakhand,Pauri,Garhwali/Kumaoni,NA,NA,National,Veg,everyday,breakfast,,Simmered/Stewed,"spinach, fenugreek, rice flour, garlic, spices, ghee",https://placehold.co/1200x800?text=Kafuli,Wikipedia,https://en.wikipedia.org/wiki/Kafuli
Z1-UK-01,Dehradun Picnic Pack Kafuli,Picnic Pack Spinach and Fenugreek Curry,Dehradun Picnic Pack Kafuli,North,Uttarakhand,Dehradun,Garhwali/Kumaoni,NA,NA,National,Veg,everyday,lunch,,Simmered/Stewed,"spinach, fenugreek, rice flour, garlic, spices, ghee",https://placehold.co/1200x800?text=Kafuli,Wikipedia,https://en.wikipedia.org/wiki/Kafuli
Z1-UK-01,Nainital Monsoon Plate Kafuli,Monsoon Plate Spinach and Fenugreek Curry,Nainital Monsoon Plate Kafuli,North,Uttarakhand,Nainital,Garhwali/Kumaoni,NA,NA,National,Veg,everyday,snack,,Simmered/Stewed,"spinach, fenugreek, rice flour, garlic, spices, ghee",https://placehold.co/1200x800?text=Kafuli,Wikipedia,https://en.wikipedia.org/wiki/Kafuli
Z1-UK-01,Almora Copper Pot Version Kafuli,Copper Pot Version Spinach and Fenugreek Curry,Almora Copper Pot Version Kafuli,North,Uttarakhand,Almora,Garhwali/Kumaoni,NA,NA,National,Veg,everyday,dinner,,Simmered/Stewed,"spinach, fenugreek, rice flour, garlic, spices, ghee",https://placehold.co/1200x800?text=Kafuli,Wikipedia,https://en.wikipedia.org/wiki/Kafuli
Z1-UK-01,Pauri Earth-Oven Batch Kafuli,Earth-Oven Batch Spinach and Fenugreek Curry,Pauri Earth-Oven Batch Kafuli,North,Uttarakhand,Pauri,Garhwali/Kumaoni,NA,NA,National,Veg,everyday,lunch,,Simmered/Stewed,"spinach, fenugreek, rice flour, garlic, spices, ghee",https://placehold.co/1200x800?text=Kafuli,Wikipedia,https://en.wikipedia.org/wiki/Kafuli
Z1-UK-01,Dehradun Comfort Meal Kafuli,Comfort Meal Spinach and Fenugreek Curry,Dehradun Comfort Meal Kafuli,North,Uttarakhand,Dehradun,Garhwali/Kumaoni,NA,NA,National,Veg,everyday,dinner,,Simmered/Stewed,"spinach, fenugreek, rice flour, garlic, spices, ghee",https://placehold.co/1200x800?text=Kafuli,Wikipedia,https://en.wikipedia.org/wiki/Kafuli
Z1-UK-01,Nainital Market Special Kafuli,Market Special Spinach and Fenugreek Curry,Nainital Market Special Kafuli,North,Uttarakhand,Nainital,Garhwali/Kumaoni,NA,NA,National,Veg,everyday,snack,,Simmered/Stewed,"spinach, fenugreek, rice flour, garlic, spices, ghee",https://placehold.co/1200x800?text=Kafuli,Wikipedia,https://en.wikipedia.org/wiki/Kafuli
Z1-UK-01,Almora Soft Set Kafuli,Soft Set Spinach and Fenugreek Curry,Almora Soft Set Kafuli,North,Uttarakhand,Almora,Garhwali/Kumaoni,NA,NA,National,Veg,everyday,breakfast,,Simmered/Stewed,"spinach, fenugreek, rice flour, garlic, spices, ghee",https://placehold.co/1200x800?text=Kafuli,Wikipedia,https://en.wikipedia.org/wiki/Kafuli
Z1-UK-01,Pauri Flaky Version Kafuli,Flaky Version Spinach and Fenugreek Curry,Pauri Flaky Version Kafuli,North,Uttarakhand,Pauri,Garhwali/Kumaoni,NA,NA,National,Veg,everyday,breakfast,,Simmered/Stewed,"spinach, fenugreek, rice flour, garlic, spices, ghee",https://placehold.co/1200x800?text=Kafuli,Wikipedia,https://en.wikipedia.org/wiki/Kafuli
Z1-UK-01,Dehradun Rich Gravy Bowl Kafuli,Rich Gravy Bowl Spinach and Fenugreek Curry,Dehradun Rich Gravy Bowl Kafuli,North,Uttarakhand,Dehradun,Garhwali/Kumaoni,NA,NA,National,Veg,everyday,dinner,,Simmered/Stewed,"spinach, fenugreek, rice flour, garlic, spices, ghee",https://placehold.co/1200x800?text=Kafuli,Wikipedia,https://en.wikipedia.org/wiki/Kafuli
Z1-UK-01,Nainital Travel-Friendly Pack Kafuli,Travel-Friendly Pack Spinach and Fenugreek Curry,Nainital Travel-Friendly Pack Kafuli,North,Uttarakhand,Nainital,Garhwali/Kumaoni,NA,NA,National,Veg,everyday,lunch,,Simmered/Stewed,"spinach, fenugreek, rice flour, garlic, spices, ghee",https://placehold.co/1200x800?text=Kafuli,Wikipedia,https://en.wikipedia.org/wiki/Kafuli
Z1-UK-01,Almora Rustic Bowl Kafuli,Rustic Bowl Spinach and Fenugreek Curry,Almora Rustic Bowl Kafuli,North,Uttarakhand,Almora,Garhwali/Kumaoni,NA,NA,National,Veg,everyday,dinner,,Simmered/Stewed,"spinach, fenugreek, rice flour, garlic, spices, ghee",https://placehold.co/1200x800?text=Kafuli,Wikipedia,https://en.wikipedia.org/wiki/Kafuli
Z1-UK-01,Pauri Festival Plate Kafuli,Festival Plate Spinach and Fenugreek Curry,Pauri Festival Plate Kafuli,North,Uttarakhand,Pauri,Garhwali/Kumaoni,NA,NA,National,Veg,occasional,,Prepared during regional festivals and family gatherings.,Simmered/Stewed,"spinach, fenugreek, rice flour, garlic, spices, ghee",https://placehold.co/1200x800?text=Kafuli,Wikipedia,https://en.wikipedia.org/wiki/Kafuli
Z1-UK-01,Dehradun Heritage Platter Kafuli,Heritage Platter Spinach and Fenugreek Curry,Dehradun Heritage Platter Kafuli,North,Uttarakhand,Dehradun,Garhwali/Kumaoni,NA,NA,National,Veg,occasional,,Served as a heritage-style preparation on special occasions.,Simmered/Stewed,"spinach, fenugreek, rice flour, garlic, spices, ghee",https://placehold.co/1200x800?text=Kafuli,Wikipedia,https://en.wikipedia.org/wiki/Kafuli
Z1-UK-01,Nainital Royal Spread Kafuli,Royal Spread Spinach and Fenugreek Curry,Nainital Royal Spread Kafuli,North,Uttarakhand,Nainital,Garhwali/Kumaoni,NA,NA,National,Veg,occasional,,Associated with ceremonial and royal-style meals.,Simmered/Stewed,"spinach, fenugreek, rice flour, garlic, spices, ghee",https://placehold.co/1200x800?text=Kafuli,Wikipedia,https://en.wikipedia.org/wiki/Kafuli
Z1-UK-01,Almora Family Feast Kafuli,Family Feast Spinach and Fenugreek Curry,Almora Family Feast Kafuli,North,Uttarakhand,Almora,Garhwali/Kumaoni,NA,NA,National,Veg,occasional,,Prepared for family celebrations and large community meals.,Simmered/Stewed,"spinach, fenugreek, rice flour, garlic, spices, ghee",https://placehold.co/1200x800?text=Kafuli,Wikipedia,https://en.wikipedia.org/wiki/Kafuli
Z1-UK-01,Pauri Courtyard Feast Kafuli,Courtyard Feast Spinach and Fenugreek Curry,Pauri Courtyard Feast Kafuli,North,Uttarakhand,Pauri,Garhwali/Kumaoni,NA,NA,National,Veg,occasional,,Prepared for courtyard gatherings and festive hosting.,Simmered/Stewed,"spinach, fenugreek, rice flour, garlic, spices, ghee",https://placehold.co/1200x800?text=Kafuli,Wikipedia,https://en.wikipedia.org/wiki/Kafuli
Z1-UK-01,Dehradun Heritage Bowl Kafuli,Heritage Bowl Spinach and Fenugreek Curry,Dehradun Heritage Bowl Kafuli,North,Uttarakhand,Dehradun,Garhwali/Kumaoni,NA,NA,National,Veg,occasional,,An old-style bowl served during commemorative feasts.,Simmered/Stewed,"spinach, fenugreek, rice flour, garlic, spices, ghee",https://placehold.co/1200x800?text=Kafuli,Wikipedia,https://en.wikipedia.org/wiki/Kafuli
Z1-UK-01,Nainital Celebration Tray Kafuli,Celebration Tray Spinach and Fenugreek Curry,Nainital Celebration Tray Kafuli,North,Uttarakhand,Nainital,Garhwali/Kumaoni,NA,NA,National,Veg,occasional,,A celebratory tray served during weddings or major festivals.,Simmered/Stewed,"spinach, fenugreek, rice flour, garlic, spices, ghee",https://placehold.co/1200x800?text=Kafuli,Wikipedia,https://en.wikipedia.org/wiki/Kafuli
Z1-UK-01,Almora Evening Snack Kafuli,Evening Snack Spinach and Fenugreek Curry,Almora Evening Snack Kafuli,North,Uttarakhand,Almora,Garhwali/Kumaoni,NA,NA,National,Veg,everyday,snack,,Simmered/Stewed,"spinach, fenugreek, rice flour, garlic, spices, ghee",https://placehold.co/1200x800?text=Kafuli,Wikipedia,https://en.wikipedia.org/wiki/Kafuli
Z1-UK-01,Pauri Lodge Meal Kafuli,Lodge Meal Spinach and Fenugreek Curry,Pauri Lodge Meal Kafuli,North,Uttarakhand,Pauri,Garhwali/Kumaoni,NA,NA,National,Veg,everyday,dinner,,Simmered/Stewed,"spinach, fenugreek, rice flour, garlic, spices, ghee",https://placehold.co/1200x800?text=Kafuli,Wikipedia,https://en.wikipedia.org/wiki/Kafuli
Z1-UK-01,Dehradun Soft Tiffin Kafuli,Soft Tiffin Spinach and Fenugreek Curry,Dehradun Soft Tiffin Kafuli,North,Uttarakhand,Dehradun,Garhwali/Kumaoni,NA,NA,National,Veg,everyday,lunch,,Simmered/Stewed,"spinach, fenugreek, rice flour, garlic, spices, ghee",https://placehold.co/1200x800?text=Kafuli,Wikipedia,https://en.wikipedia.org/wiki/Kafuli
Z1-UK-01,Nainital Quick Serve Kafuli,Quick Serve Spinach and Fenugreek Curry,Nainital Quick Serve Kafuli,North,Uttarakhand,Nainital,Garhwali/Kumaoni,NA,NA,National,Veg,everyday,breakfast,,Simmered/Stewed,"spinach, fenugreek, rice flour, garlic, spices, ghee",https://placehold.co/1200x800?text=Kafuli,Wikipedia,https://en.wikipedia.org/wiki/Kafuli
Z1-UK-01,Almora Courtyard Plate Kafuli,Courtyard Plate Spinach and Fenugreek Curry,Almora Courtyard Plate Kafuli,North,Uttarakhand,Almora,Garhwali/Kumaoni,NA,NA,National,Veg,everyday,lunch,,Simmered/Stewed,"spinach, fenugreek, rice flour, garlic, spices, ghee",https://placehold.co/1200x800?text=Kafuli,Wikipedia,https://en.wikipedia.org/wiki/Kafuli
Z1-UK-02,Nainital Home Style Bal Mithai,Home Style Bal Mithai,Nainital Home Style Bal Mithai,North,Uttarakhand,Nainital,Garhwali/Kumaoni,NA,NA,National,Veg,everyday,lunch,,Roasted,"khoya, sugar, milk solids, cocoa, sugar balls",https://placehold.co/1200x800?text=Bal%20Mithai,Wikipedia,https://en.wikipedia.org/wiki/Bal_mithai
Z1-UK-02,Almora Street Style Bal Mithai,Street Style Bal Mithai,Almora Street Style Bal Mithai,North,Uttarakhand,Almora,Garhwali/Kumaoni,NA,NA,National,Veg,everyday,snack,,Roasted,"khoya, sugar, milk solids, cocoa, sugar balls",https://placehold.co/1200x800?text=Bal%20Mithai,Wikipedia,https://en.wikipedia.org/wiki/Bal_mithai
Z1-UK-02,Pauri Dhaba Style Bal Mithai,Dhaba Style Bal Mithai,Pauri Dhaba Style Bal Mithai,North,Uttarakhand,Pauri,Garhwali/Kumaoni,NA,NA,National,Veg,everyday,lunch,,Roasted,"khoya, sugar, milk solids, cocoa, sugar balls",https://placehold.co/1200x800?text=Bal%20Mithai,Wikipedia,https://en.wikipedia.org/wiki/Bal_mithai
Z1-UK-02,Dehradun Tawa Style Bal Mithai,Tawa Style Bal Mithai,Dehradun Tawa Style Bal Mithai,North,Uttarakhand,Dehradun,Garhwali/Kumaoni,NA,NA,National,Veg,everyday,breakfast,,Roasted,"khoya, sugar, milk solids, cocoa, sugar balls",https://placehold.co/1200x800?text=Bal%20Mithai,Wikipedia,https://en.wikipedia.org/wiki/Bal_mithai
Z1-UK-02,Nainital Tandoor Style Bal Mithai,Tandoor Style Bal Mithai,Nainital Tandoor Style Bal Mithai,North,Uttarakhand,Nainital,Garhwali/Kumaoni,NA,NA,National,Veg,everyday,dinner,,Roasted,"khoya, sugar, milk solids, cocoa, sugar balls",https://placehold.co/1200x800?text=Bal%20Mithai,Wikipedia,https://en.wikipedia.org/wiki/Bal_mithai
Z1-UK-02,Almora Family Thali Bal Mithai,Family Thali Bal Mithai,Almora Family Thali Bal Mithai,North,Uttarakhand,Almora,Garhwali/Kumaoni,NA,NA,National,Veg,everyday,lunch,,Roasted,"khoya, sugar, milk solids, cocoa, sugar balls",https://placehold.co/1200x800?text=Bal%20Mithai,Wikipedia,https://en.wikipedia.org/wiki/Bal_mithai
Z1-UK-02,Pauri Weekend Special Bal Mithai,Weekend Special Bal Mithai,Pauri Weekend Special Bal Mithai,North,Uttarakhand,Pauri,Garhwali/Kumaoni,NA,NA,National,Veg,everyday,lunch,,Roasted,"khoya, sugar, milk solids, cocoa, sugar balls",https://placehold.co/1200x800?text=Bal%20Mithai,Wikipedia,https://en.wikipedia.org/wiki/Bal_mithai
Z1-UK-02,Dehradun Village Plate Bal Mithai,Village Plate Bal Mithai,Dehradun Village Plate Bal Mithai,North,Uttarakhand,Dehradun,Garhwali/Kumaoni,NA,NA,National,Veg,everyday,dinner,,Roasted,"khoya, sugar, milk solids, cocoa, sugar balls",https://placehold.co/1200x800?text=Bal%20Mithai,Wikipedia,https://en.wikipedia.org/wiki/Bal_mithai
Z1-UK-02,Nainital Packed Lunch Bal Mithai,Packed Lunch Bal Mithai,Nainital Packed Lunch Bal Mithai,North,Uttarakhand,Nainital,Garhwali/Kumaoni,NA,NA,National,Veg,everyday,lunch,,Roasted,"khoya, sugar, milk solids, cocoa, sugar balls",https://placehold.co/1200x800?text=Bal%20Mithai,Wikipedia,https://en.wikipedia.org/wiki/Bal_mithai
Z1-UK-02,Almora Late-Night Stall Bal Mithai,Late-Night Stall Bal Mithai,Almora Late-Night Stall Bal Mithai,North,Uttarakhand,Almora,Garhwali/Kumaoni,NA,NA,National,Veg,everyday,snack,,Roasted,"khoya, sugar, milk solids, cocoa, sugar balls",https://placehold.co/1200x800?text=Bal%20Mithai,Wikipedia,https://en.wikipedia.org/wiki/Bal_mithai
Z1-UK-02,Pauri Tea-Time Plate Bal Mithai,Tea-Time Plate Bal Mithai,Pauri Tea-Time Plate Bal Mithai,North,Uttarakhand,Pauri,Garhwali/Kumaoni,NA,NA,National,Veg,everyday,snack,,Roasted,"khoya, sugar, milk solids, cocoa, sugar balls",https://placehold.co/1200x800?text=Bal%20Mithai,Wikipedia,https://en.wikipedia.org/wiki/Bal_mithai
Z1-UK-02,Dehradun Winter Bowl Bal Mithai,Winter Bowl Bal Mithai,Dehradun Winter Bowl Bal Mithai,North,Uttarakhand,Dehradun,Garhwali/Kumaoni,NA,NA,National,Veg,everyday,dinner,,Roasted,"khoya, sugar, milk solids, cocoa, sugar balls",https://placehold.co/1200x800?text=Bal%20Mithai,Wikipedia,https://en.wikipedia.org/wiki/Bal_mithai
Z1-UK-02,Nainital Summer Plate Bal Mithai,Summer Plate Bal Mithai,Nainital Summer Plate Bal Mithai,North,Uttarakhand,Nainital,Garhwali/Kumaoni,NA,NA,National,Veg,everyday,lunch,,Roasted,"khoya, sugar, milk solids, cocoa, sugar balls",https://placehold.co/1200x800?text=Bal%20Mithai,Wikipedia,https://en.wikipedia.org/wiki/Bal_mithai
Z1-UK-02,Almora Smoky Pot Bal Mithai,Smoky Pot Bal Mithai,Almora Smoky Pot Bal Mithai,North,Uttarakhand,Almora,Garhwali/Kumaoni,NA,NA,National,Veg,everyday,dinner,,Roasted,"khoya, sugar, milk solids, cocoa, sugar balls",https://placehold.co/1200x800?text=Bal%20Mithai,Wikipedia,https://en.wikipedia.org/wiki/Bal_mithai
Z1-UK-02,Pauri Crisp Skillet Bal Mithai,Crisp Skillet Bal Mithai,Pauri Crisp Skillet Bal Mithai,North,Uttarakhand,Pauri,Garhwali/Kumaoni,NA,NA,National,Veg,everyday,snack,,Roasted,"khoya, sugar, milk solids, cocoa, sugar balls",https://placehold.co/1200x800?text=Bal%20Mithai,Wikipedia,https://en.wikipedia.org/wiki/Bal_mithai
Z1-UK-02,Dehradun Millet Bowl Bal Mithai,Millet Bowl Bal Mithai,Dehradun Millet Bowl Bal Mithai,North,Uttarakhand,Dehradun,Garhwali/Kumaoni,NA,NA,National,Veg,everyday,breakfast,,Roasted,"khoya, sugar, milk solids, cocoa, sugar balls",https://placehold.co/1200x800?text=Bal%20Mithai,Wikipedia,https://en.wikipedia.org/wiki/Bal_mithai
Z1-UK-02,Nainital Picnic Pack Bal Mithai,Picnic Pack Bal Mithai,Nainital Picnic Pack Bal Mithai,North,Uttarakhand,Nainital,Garhwali/Kumaoni,NA,NA,National,Veg,everyday,lunch,,Roasted,"khoya, sugar, milk solids, cocoa, sugar balls",https://placehold.co/1200x800?text=Bal%20Mithai,Wikipedia,https://en.wikipedia.org/wiki/Bal_mithai
Z1-UK-02,Almora Monsoon Plate Bal Mithai,Monsoon Plate Bal Mithai,Almora Monsoon Plate Bal Mithai,North,Uttarakhand,Almora,Garhwali/Kumaoni,NA,NA,National,Veg,everyday,snack,,Roasted,"khoya, sugar, milk solids, cocoa, sugar balls",https://placehold.co/1200x800?text=Bal%20Mithai,Wikipedia,https://en.wikipedia.org/wiki/Bal_mithai
Z1-UK-02,Pauri Copper Pot Version Bal Mithai,Copper Pot Version Bal Mithai,Pauri Copper Pot Version Bal Mithai,North,Uttarakhand,Pauri,Garhwali/Kumaoni,NA,NA,National,Veg,everyday,dinner,,Roasted,"khoya, sugar, milk solids, cocoa, sugar balls",https://placehold.co/1200x800?text=Bal%20Mithai,Wikipedia,https://en.wikipedia.org/wiki/Bal_mithai
Z1-UK-02,Dehradun Earth-Oven Batch Bal Mithai,Earth-Oven Batch Bal Mithai,Dehradun Earth-Oven Batch Bal Mithai,North,Uttarakhand,Dehradun,Garhwali/Kumaoni,NA,NA,National,Veg,everyday,lunch,,Roasted,"khoya, sugar, milk solids, cocoa, sugar balls",https://placehold.co/1200x800?text=Bal%20Mithai,Wikipedia,https://en.wikipedia.org/wiki/Bal_mithai
Z1-UK-02,Nainital Comfort Meal Bal Mithai,Comfort Meal Bal Mithai,Nainital Comfort Meal Bal Mithai,North,Uttarakhand,Nainital,Garhwali/Kumaoni,NA,NA,National,Veg,everyday,dinner,,Roasted,"khoya, sugar, milk solids, cocoa, sugar balls",https://placehold.co/1200x800?text=Bal%20Mithai,Wikipedia,https://en.wikipedia.org/wiki/Bal_mithai
Z1-UK-02,Almora Market Special Bal Mithai,Market Special Bal Mithai,Almora Market Special Bal Mithai,North,Uttarakhand,Almora,Garhwali/Kumaoni,NA,NA,National,Veg,everyday,snack,,Roasted,"khoya, sugar, milk solids, cocoa, sugar balls",https://placehold.co/1200x800?text=Bal%20Mithai,Wikipedia,https://en.wikipedia.org/wiki/Bal_mithai
Z1-UK-02,Pauri Soft Set Bal Mithai,Soft Set Bal Mithai,Pauri Soft Set Bal Mithai,North,Uttarakhand,Pauri,Garhwali/Kumaoni,NA,NA,National,Veg,everyday,breakfast,,Roasted,"khoya, sugar, milk solids, cocoa, sugar balls",https://placehold.co/1200x800?text=Bal%20Mithai,Wikipedia,https://en.wikipedia.org/wiki/Bal_mithai
Z1-UK-02,Dehradun Flaky Version Bal Mithai,Flaky Version Bal Mithai,Dehradun Flaky Version Bal Mithai,North,Uttarakhand,Dehradun,Garhwali/Kumaoni,NA,NA,National,Veg,everyday,breakfast,,Roasted,"khoya, sugar, milk solids, cocoa, sugar balls",https://placehold.co/1200x800?text=Bal%20Mithai,Wikipedia,https://en.wikipedia.org/wiki/Bal_mithai
Z1-UK-02,Nainital Rich Gravy Bowl Bal Mithai,Rich Gravy Bowl Bal Mithai,Nainital Rich Gravy Bowl Bal Mithai,North,Uttarakhand,Nainital,Garhwali/Kumaoni,NA,NA,National,Veg,everyday,dinner,,Roasted,"khoya, sugar, milk solids, cocoa, sugar balls",https://placehold.co/1200x800?text=Bal%20Mithai,Wikipedia,https://en.wikipedia.org/wiki/Bal_mithai
Z1-UK-02,Almora Travel-Friendly Pack Bal Mithai,Travel-Friendly Pack Bal Mithai,Almora Travel-Friendly Pack Bal Mithai,North,Uttarakhand,Almora,Garhwali/Kumaoni,NA,NA,National,Veg,everyday,lunch,,Roasted,"khoya, sugar, milk solids, cocoa, sugar balls",https://placehold.co/1200x800?text=Bal%20Mithai,Wikipedia,https://en.wikipedia.org/wiki/Bal_mithai
Z1-UK-02,Pauri Rustic Bowl Bal Mithai,Rustic Bowl Bal Mithai,Pauri Rustic Bowl Bal Mithai,North,Uttarakhand,Pauri,Garhwali/Kumaoni,NA,NA,National,Veg,everyday,dinner,,Roasted,"khoya, sugar, milk solids, cocoa, sugar balls",https://placehold.co/1200x800?text=Bal%20Mithai,Wikipedia,https://en.wikipedia.org/wiki/Bal_mithai
Z1-UK-02,Dehradun Festival Plate Bal Mithai,Festival Plate Bal Mithai,Dehradun Festival Plate Bal Mithai,North,Uttarakhand,Dehradun,Garhwali/Kumaoni,NA,NA,National,Veg,occasional,,Prepared during regional festivals and family gatherings.,Roasted,"khoya, sugar, milk solids, cocoa, sugar balls",https://placehold.co/1200x800?text=Bal%20Mithai,Wikipedia,https://en.wikipedia.org/wiki/Bal_mithai
Z1-UK-02,Nainital Heritage Platter Bal Mithai,Heritage Platter Bal Mithai,Nainital Heritage Platter Bal Mithai,North,Uttarakhand,Nainital,Garhwali/Kumaoni,NA,NA,National,Veg,occasional,,Served as a heritage-style preparation on special occasions.,Roasted,"khoya, sugar, milk solids, cocoa, sugar balls",https://placehold.co/1200x800?text=Bal%20Mithai,Wikipedia,https://en.wikipedia.org/wiki/Bal_mithai
Z1-UK-02,Almora Royal Spread Bal Mithai,Royal Spread Bal Mithai,Almora Royal Spread Bal Mithai,North,Uttarakhand,Almora,Garhwali/Kumaoni,NA,NA,National,Veg,occasional,,Associated with ceremonial and royal-style meals.,Roasted,"khoya, sugar, milk solids, cocoa, sugar balls",https://placehold.co/1200x800?text=Bal%20Mithai,Wikipedia,https://en.wikipedia.org/wiki/Bal_mithai
Z1-UK-02,Pauri Family Feast Bal Mithai,Family Feast Bal Mithai,Pauri Family Feast Bal Mithai,North,Uttarakhand,Pauri,Garhwali/Kumaoni,NA,NA,National,Veg,occasional,,Prepared for family celebrations and large community meals.,Roasted,"khoya, sugar, milk solids, cocoa, sugar balls",https://placehold.co/1200x800?text=Bal%20Mithai,Wikipedia,https://en.wikipedia.org/wiki/Bal_mithai
Z1-UK-02,Dehradun Courtyard Feast Bal Mithai,Courtyard Feast Bal Mithai,Dehradun Courtyard Feast Bal Mithai,North,Uttarakhand,Dehradun,Garhwali/Kumaoni,NA,NA,National,Veg,occasional,,Prepared for courtyard gatherings and festive hosting.,Roasted,"khoya, sugar, milk solids, cocoa, sugar balls",https://placehold.co/1200x800?text=Bal%20Mithai,Wikipedia,https://en.wikipedia.org/wiki/Bal_mithai
Z1-UK-02,Nainital Heritage Bowl Bal Mithai,Heritage Bowl Bal Mithai,Nainital Heritage Bowl Bal Mithai,North,Uttarakhand,Nainital,Garhwali/Kumaoni,NA,NA,National,Veg,occasional,,An old-style bowl served during commemorative feasts.,Roasted,"khoya, sugar, milk solids, cocoa, sugar balls",https://placehold.co/1200x800?text=Bal%20Mithai,Wikipedia,https://en.wikipedia.org/wiki/Bal_mithai
Z1-UK-02,Almora Celebration Tray Bal Mithai,Celebration Tray Bal Mithai,Almora Celebration Tray Bal Mithai,North,Uttarakhand,Almora,Garhwali/Kumaoni,NA,NA,National,Veg,occasional,,A celebratory tray served during weddings or major festivals.,Roasted,"khoya, sugar, milk solids, cocoa, sugar balls",https://placehold.co/1200x800?text=Bal%20Mithai,Wikipedia,https://en.wikipedia.org/wiki/Bal_mithai
Z1-UK-02,Pauri Evening Snack Bal Mithai,Evening Snack Bal Mithai,Pauri Evening Snack Bal Mithai,North,Uttarakhand,Pauri,Garhwali/Kumaoni,NA,NA,National,Veg,everyday,snack,,Roasted,"khoya, sugar, milk solids, cocoa, sugar balls",https://placehold.co/1200x800?text=Bal%20Mithai,Wikipedia,https://en.wikipedia.org/wiki/Bal_mithai
Z1-UK-02,Dehradun Lodge Meal Bal Mithai,Lodge Meal Bal Mithai,Dehradun Lodge Meal Bal Mithai,North,Uttarakhand,Dehradun,Garhwali/Kumaoni,NA,NA,National,Veg,everyday,dinner,,Roasted,"khoya, sugar, milk solids, cocoa, sugar balls",https://placehold.co/1200x800?text=Bal%20Mithai,Wikipedia,https://en.wikipedia.org/wiki/Bal_mithai
Z1-UK-02,Nainital Soft Tiffin Bal Mithai,Soft Tiffin Bal Mithai,Nainital Soft Tiffin Bal Mithai,North,Uttarakhand,Nainital,Garhwali/Kumaoni,NA,NA,National,Veg,everyday,lunch,,Roasted,"khoya, sugar, milk solids, cocoa, sugar balls",https://placehold.co/1200x800?text=Bal%20Mithai,Wikipedia,https://en.wikipedia.org/wiki/Bal_mithai
Z1-UK-02,Almora Quick Serve Bal Mithai,Quick Serve Bal Mithai,Almora Quick Serve Bal Mithai,North,Uttarakhand,Almora,Garhwali/Kumaoni,NA,NA,National,Veg,everyday,breakfast,,Roasted,"khoya, sugar, milk solids, cocoa, sugar balls",https://placehold.co/1200x800?text=Bal%20Mithai,Wikipedia,https://en.wikipedia.org/wiki/Bal_mithai
Z1-UK-02,Pauri Courtyard Plate Bal Mithai,Courtyard Plate Bal Mithai,Pauri Courtyard Plate Bal Mithai,North,Uttarakhand,Pauri,Garhwali/Kumaoni,NA,NA,National,Veg,everyday,lunch,,Roasted,"khoya, sugar, milk solids, cocoa, sugar balls",https://placehold.co/1200x800?text=Bal%20Mithai,Wikipedia,https://en.wikipedia.org/wiki/Bal_mithai
Z1-UP-01,Lucknow Home Style Awadhi Biryani,Home Style Awadhi Biryani,Lucknow Home Style Awadhi Biryani,North,Uttar Pradesh,Lucknow,Awadhi,NA,NA,Global,Non-Veg,everyday,lunch,,Dum/Braised,"basmati rice, meat, yogurt, saffron, fried onions, spices",https://placehold.co/1200x800?text=Awadhi%20Biryani,Wikipedia,https://en.wikipedia.org/wiki/Awadhi_biryani
Z1-UP-01,Varanasi Street Style Awadhi Biryani,Street Style Awadhi Biryani,Varanasi Street Style Awadhi Biryani,North,Uttar Pradesh,Varanasi,Awadhi,NA,NA,Global,Non-Veg,everyday,snack,,Dum/Braised,"basmati rice, meat, yogurt, saffron, fried onions, spices",https://placehold.co/1200x800?text=Awadhi%20Biryani,Wikipedia,https://en.wikipedia.org/wiki/Awadhi_biryani
Z1-UP-01,Agra Dhaba Style Awadhi Biryani,Dhaba Style Awadhi Biryani,Agra Dhaba Style Awadhi Biryani,North,Uttar Pradesh,Agra,Awadhi,NA,NA,Global,Non-Veg,everyday,lunch,,Dum/Braised,"basmati rice, meat, yogurt, saffron, fried onions, spices",https://placehold.co/1200x800?text=Awadhi%20Biryani,Wikipedia,https://en.wikipedia.org/wiki/Awadhi_biryani
Z1-UP-01,Kanpur Tawa Style Awadhi Biryani,Tawa Style Awadhi Biryani,Kanpur Tawa Style Awadhi Biryani,North,Uttar Pradesh,Kanpur,Awadhi,NA,NA,Global,Non-Veg,everyday,breakfast,,Dum/Braised,"basmati rice, meat, yogurt, saffron, fried onions, spices",https://placehold.co/1200x800?text=Awadhi%20Biryani,Wikipedia,https://en.wikipedia.org/wiki/Awadhi_biryani
Z1-UP-01,Lucknow Tandoor Style Awadhi Biryani,Tandoor Style Awadhi Biryani,Lucknow Tandoor Style Awadhi Biryani,North,Uttar Pradesh,Lucknow,Awadhi,NA,NA,Global,Non-Veg,everyday,dinner,,Dum/Braised,"basmati rice, meat, yogurt, saffron, fried onions, spices",https://placehold.co/1200x800?text=Awadhi%20Biryani,Wikipedia,https://en.wikipedia.org/wiki/Awadhi_biryani
Z1-UP-01,Varanasi Family Thali Awadhi Biryani,Family Thali Awadhi Biryani,Varanasi Family Thali Awadhi Biryani,North,Uttar Pradesh,Varanasi,Awadhi,NA,NA,Global,Non-Veg,everyday,lunch,,Dum/Braised,"basmati rice, meat, yogurt, saffron, fried onions, spices",https://placehold.co/1200x800?text=Awadhi%20Biryani,Wikipedia,https://en.wikipedia.org/wiki/Awadhi_biryani
Z1-UP-01,Agra Weekend Special Awadhi Biryani,Weekend Special Awadhi Biryani,Agra Weekend Special Awadhi Biryani,North,Uttar Pradesh,Agra,Awadhi,NA,NA,Global,Non-Veg,everyday,lunch,,Dum/Braised,"basmati rice, meat, yogurt, saffron, fried onions, spices",https://placehold.co/1200x800?text=Awadhi%20Biryani,Wikipedia,https://en.wikipedia.org/wiki/Awadhi_biryani
Z1-UP-01,Kanpur Village Plate Awadhi Biryani,Village Plate Awadhi Biryani,Kanpur Village Plate Awadhi Biryani,North,Uttar Pradesh,Kanpur,Awadhi,NA,NA,Global,Non-Veg,everyday,dinner,,Dum/Braised,"basmati rice, meat, yogurt, saffron, fried onions, spices",https://placehold.co/1200x800?text=Awadhi%20Biryani,Wikipedia,https://en.wikipedia.org/wiki/Awadhi_biryani
Z1-UP-01,Lucknow Packed Lunch Awadhi Biryani,Packed Lunch Awadhi Biryani,Lucknow Packed Lunch Awadhi Biryani,North,Uttar Pradesh,Lucknow,Awadhi,NA,NA,Global,Non-Veg,everyday,lunch,,Dum/Braised,"basmati rice, meat, yogurt, saffron, fried onions, spices",https://placehold.co/1200x800?text=Awadhi%20Biryani,Wikipedia,https://en.wikipedia.org/wiki/Awadhi_biryani
Z1-UP-01,Varanasi Late-Night Stall Awadhi Biryani,Late-Night Stall Awadhi Biryani,Varanasi Late-Night Stall Awadhi Biryani,North,Uttar Pradesh,Varanasi,Awadhi,NA,NA,Global,Non-Veg,everyday,snack,,Dum/Braised,"basmati rice, meat, yogurt, saffron, fried onions, spices",https://placehold.co/1200x800?text=Awadhi%20Biryani,Wikipedia,https://en.wikipedia.org/wiki/Awadhi_biryani
Z1-UP-01,Agra Tea-Time Plate Awadhi Biryani,Tea-Time Plate Awadhi Biryani,Agra Tea-Time Plate Awadhi Biryani,North,Uttar Pradesh,Agra,Awadhi,NA,NA,Global,Non-Veg,everyday,snack,,Dum/Braised,"basmati rice, meat, yogurt, saffron, fried onions, spices",https://placehold.co/1200x800?text=Awadhi%20Biryani,Wikipedia,https://en.wikipedia.org/wiki/Awadhi_biryani
Z1-UP-01,Kanpur Winter Bowl Awadhi Biryani,Winter Bowl Awadhi Biryani,Kanpur Winter Bowl Awadhi Biryani,North,Uttar Pradesh,Kanpur,Awadhi,NA,NA,Global,Non-Veg,everyday,dinner,,Dum/Braised,"basmati rice, meat, yogurt, saffron, fried onions, spices",https://placehold.co/1200x800?text=Awadhi%20Biryani,Wikipedia,https://en.wikipedia.org/wiki/Awadhi_biryani
Z1-UP-01,Lucknow Summer Plate Awadhi Biryani,Summer Plate Awadhi Biryani,Lucknow Summer Plate Awadhi Biryani,North,Uttar Pradesh,Lucknow,Awadhi,NA,NA,Global,Non-Veg,everyday,lunch,,Dum/Braised,"basmati rice, meat, yogurt, saffron, fried onions, spices",https://placehold.co/1200x800?text=Awadhi%20Biryani,Wikipedia,https://en.wikipedia.org/wiki/Awadhi_biryani
Z1-UP-01,Varanasi Smoky Pot Awadhi Biryani,Smoky Pot Awadhi Biryani,Varanasi Smoky Pot Awadhi Biryani,North,Uttar Pradesh,Varanasi,Awadhi,NA,NA,Global,Non-Veg,everyday,dinner,,Dum/Braised,"basmati rice, meat, yogurt, saffron, fried onions, spices",https://placehold.co/1200x800?text=Awadhi%20Biryani,Wikipedia,https://en.wikipedia.org/wiki/Awadhi_biryani
Z1-UP-01,Agra Crisp Skillet Awadhi Biryani,Crisp Skillet Awadhi Biryani,Agra Crisp Skillet Awadhi Biryani,North,Uttar Pradesh,Agra,Awadhi,NA,NA,Global,Non-Veg,everyday,snack,,Dum/Braised,"basmati rice, meat, yogurt, saffron, fried onions, spices",https://placehold.co/1200x800?text=Awadhi%20Biryani,Wikipedia,https://en.wikipedia.org/wiki/Awadhi_biryani
Z1-UP-01,Kanpur Millet Bowl Awadhi Biryani,Millet Bowl Awadhi Biryani,Kanpur Millet Bowl Awadhi Biryani,North,Uttar Pradesh,Kanpur,Awadhi,NA,NA,Global,Non-Veg,everyday,breakfast,,Dum/Braised,"basmati rice, meat, yogurt, saffron, fried onions, spices",https://placehold.co/1200x800?text=Awadhi%20Biryani,Wikipedia,https://en.wikipedia.org/wiki/Awadhi_biryani
Z1-UP-01,Lucknow Picnic Pack Awadhi Biryani,Picnic Pack Awadhi Biryani,Lucknow Picnic Pack Awadhi Biryani,North,Uttar Pradesh,Lucknow,Awadhi,NA,NA,Global,Non-Veg,everyday,lunch,,Dum/Braised,"basmati rice, meat, yogurt, saffron, fried onions, spices",https://placehold.co/1200x800?text=Awadhi%20Biryani,Wikipedia,https://en.wikipedia.org/wiki/Awadhi_biryani
Z1-UP-01,Varanasi Monsoon Plate Awadhi Biryani,Monsoon Plate Awadhi Biryani,Varanasi Monsoon Plate Awadhi Biryani,North,Uttar Pradesh,Varanasi,Awadhi,NA,NA,Global,Non-Veg,everyday,snack,,Dum/Braised,"basmati rice, meat, yogurt, saffron, fried onions, spices",https://placehold.co/1200x800?text=Awadhi%20Biryani,Wikipedia,https://en.wikipedia.org/wiki/Awadhi_biryani
Z1-UP-01,Agra Copper Pot Version Awadhi Biryani,Copper Pot Version Awadhi Biryani,Agra Copper Pot Version Awadhi Biryani,North,Uttar Pradesh,Agra,Awadhi,NA,NA,Global,Non-Veg,everyday,dinner,,Dum/Braised,"basmati rice, meat, yogurt, saffron, fried onions, spices",https://placehold.co/1200x800?text=Awadhi%20Biryani,Wikipedia,https://en.wikipedia.org/wiki/Awadhi_biryani
Z1-UP-01,Kanpur Earth-Oven Batch Awadhi Biryani,Earth-Oven Batch Awadhi Biryani,Kanpur Earth-Oven Batch Awadhi Biryani,North,Uttar Pradesh,Kanpur,Awadhi,NA,NA,Global,Non-Veg,everyday,lunch,,Dum/Braised,"basmati rice, meat, yogurt, saffron, fried onions, spices",https://placehold.co/1200x800?text=Awadhi%20Biryani,Wikipedia,https://en.wikipedia.org/wiki/Awadhi_biryani
Z1-UP-01,Lucknow Comfort Meal Awadhi Biryani,Comfort Meal Awadhi Biryani,Lucknow Comfort Meal Awadhi Biryani,North,Uttar Pradesh,Lucknow,Awadhi,NA,NA,Global,Non-Veg,everyday,dinner,,Dum/Braised,"basmati rice, meat, yogurt, saffron, fried onions, spices",https://placehold.co/1200x800?text=Awadhi%20Biryani,Wikipedia,https://en.wikipedia.org/wiki/Awadhi_biryani
Z1-UP-01,Varanasi Market Special Awadhi Biryani,Market Special Awadhi Biryani,Varanasi Market Special Awadhi Biryani,North,Uttar Pradesh,Varanasi,Awadhi,NA,NA,Global,Non-Veg,everyday,snack,,Dum/Braised,"basmati rice, meat, yogurt, saffron, fried onions, spices",https://placehold.co/1200x800?text=Awadhi%20Biryani,Wikipedia,https://en.wikipedia.org/wiki/Awadhi_biryani
Z1-UP-01,Agra Soft Set Awadhi Biryani,Soft Set Awadhi Biryani,Agra Soft Set Awadhi Biryani,North,Uttar Pradesh,Agra,Awadhi,NA,NA,Global,Non-Veg,everyday,breakfast,,Dum/Braised,"basmati rice, meat, yogurt, saffron, fried onions, spices",https://placehold.co/1200x800?text=Awadhi%20Biryani,Wikipedia,https://en.wikipedia.org/wiki/Awadhi_biryani
Z1-UP-01,Kanpur Flaky Version Awadhi Biryani,Flaky Version Awadhi Biryani,Kanpur Flaky Version Awadhi Biryani,North,Uttar Pradesh,Kanpur,Awadhi,NA,NA,Global,Non-Veg,everyday,breakfast,,Dum/Braised,"basmati rice, meat, yogurt, saffron, fried onions, spices",https://placehold.co/1200x800?text=Awadhi%20Biryani,Wikipedia,https://en.wikipedia.org/wiki/Awadhi_biryani
Z1-UP-01,Lucknow Rich Gravy Bowl Awadhi Biryani,Rich Gravy Bowl Awadhi Biryani,Lucknow Rich Gravy Bowl Awadhi Biryani,North,Uttar Pradesh,Lucknow,Awadhi,NA,NA,Global,Non-Veg,everyday,dinner,,Dum/Braised,"basmati rice, meat, yogurt, saffron, fried onions, spices",https://placehold.co/1200x800?text=Awadhi%20Biryani,Wikipedia,https://en.wikipedia.org/wiki/Awadhi_biryani
Z1-UP-01,Varanasi Travel-Friendly Pack Awadhi Biryani,Travel-Friendly Pack Awadhi Biryani,Varanasi Travel-Friendly Pack Awadhi Biryani,North,Uttar Pradesh,Varanasi,Awadhi,NA,NA,Global,Non-Veg,everyday,lunch,,Dum/Braised,"basmati rice, meat, yogurt, saffron, fried onions, spices",https://placehold.co/1200x800?text=Awadhi%20Biryani,Wikipedia,https://en.wikipedia.org/wiki/Awadhi_biryani
Z1-UP-01,Agra Rustic Bowl Awadhi Biryani,Rustic Bowl Awadhi Biryani,Agra Rustic Bowl Awadhi Biryani,North,Uttar Pradesh,Agra,Awadhi,NA,NA,Global,Non-Veg,everyday,dinner,,Dum/Braised,"basmati rice, meat, yogurt, saffron, fried onions, spices",https://placehold.co/1200x800?text=Awadhi%20Biryani,Wikipedia,https://en.wikipedia.org/wiki/Awadhi_biryani
Z1-UP-01,Kanpur Festival Plate Awadhi Biryani,Festival Plate Awadhi Biryani,Kanpur Festival Plate Awadhi Biryani,North,Uttar Pradesh,Kanpur,Awadhi,NA,NA,Global,Non-Veg,occasional,,Prepared during regional festivals and family gatherings.,Dum/Braised,"basmati rice, meat, yogurt, saffron, fried onions, spices",https://placehold.co/1200x800?text=Awadhi%20Biryani,Wikipedia,https://en.wikipedia.org/wiki/Awadhi_biryani
Z1-UP-01,Lucknow Heritage Platter Awadhi Biryani,Heritage Platter Awadhi Biryani,Lucknow Heritage Platter Awadhi Biryani,North,Uttar Pradesh,Lucknow,Awadhi,NA,NA,Global,Non-Veg,occasional,,Served as a heritage-style preparation on special occasions.,Dum/Braised,"basmati rice, meat, yogurt, saffron, fried onions, spices",https://placehold.co/1200x800?text=Awadhi%20Biryani,Wikipedia,https://en.wikipedia.org/wiki/Awadhi_biryani
Z1-UP-01,Varanasi Royal Spread Awadhi Biryani,Royal Spread Awadhi Biryani,Varanasi Royal Spread Awadhi Biryani,North,Uttar Pradesh,Varanasi,Awadhi,NA,NA,Global,Non-Veg,occasional,,Associated with ceremonial and royal-style meals.,Dum/Braised,"basmati rice, meat, yogurt, saffron, fried onions, spices",https://placehold.co/1200x800?text=Awadhi%20Biryani,Wikipedia,https://en.wikipedia.org/wiki/Awadhi_biryani
Z1-UP-01,Agra Family Feast Awadhi Biryani,Family Feast Awadhi Biryani,Agra Family Feast Awadhi Biryani,North,Uttar Pradesh,Agra,Awadhi,NA,NA,Global,Non-Veg,occasional,,Prepared for family celebrations and large community meals.,Dum/Braised,"basmati rice, meat, yogurt, saffron, fried onions, spices",https://placehold.co/1200x800?text=Awadhi%20Biryani,Wikipedia,https://en.wikipedia.org/wiki/Awadhi_biryani
Z1-UP-01,Kanpur Courtyard Feast Awadhi Biryani,Courtyard Feast Awadhi Biryani,Kanpur Courtyard Feast Awadhi Biryani,North,Uttar Pradesh,Kanpur,Awadhi,NA,NA,Global,Non-Veg,occasional,,Prepared for courtyard gatherings and festive hosting.,Dum/Braised,"basmati rice, meat, yogurt, saffron, fried onions, spices",https://placehold.co/1200x800?text=Awadhi%20Biryani,Wikipedia,https://en.wikipedia.org/wiki/Awadhi_biryani
Z1-UP-01,Lucknow Heritage Bowl Awadhi Biryani,Heritage Bowl Awadhi Biryani,Lucknow Heritage Bowl Awadhi Biryani,North,Uttar Pradesh,Lucknow,Awadhi,NA,NA,Global,Non-Veg,occasional,,An old-style bowl served during commemorative feasts.,Dum/Braised,"basmati rice, meat, yogurt, saffron, fried onions, spices",https://placehold.co/1200x800?text=Awadhi%20Biryani,Wikipedia,https://en.wikipedia.org/wiki/Awadhi_biryani
Z1-UP-01,Varanasi Celebration Tray Awadhi Biryani,Celebration Tray Awadhi Biryani,Varanasi Celebration Tray Awadhi Biryani,North,Uttar Pradesh,Varanasi,Awadhi,NA,NA,Global,Non-Veg,occasional,,A celebratory tray served during weddings or major festivals.,Dum/Braised,"basmati rice, meat, yogurt, saffron, fried onions, spices",https://placehold.co/1200x800?text=Awadhi%20Biryani,Wikipedia,https://en.wikipedia.org/wiki/Awadhi_biryani
Z1-UP-01,Agra Evening Snack Awadhi Biryani,Evening Snack Awadhi Biryani,Agra Evening Snack Awadhi Biryani,North,Uttar Pradesh,Agra,Awadhi,NA,NA,Global,Non-Veg,everyday,snack,,Dum/Braised,"basmati rice, meat, yogurt, saffron, fried onions, spices",https://placehold.co/1200x800?text=Awadhi%20Biryani,Wikipedia,https://en.wikipedia.org/wiki/Awadhi_biryani
Z1-UP-01,Kanpur Lodge Meal Awadhi Biryani,Lodge Meal Awadhi Biryani,Kanpur Lodge Meal Awadhi Biryani,North,Uttar Pradesh,Kanpur,Awadhi,NA,NA,Global,Non-Veg,everyday,dinner,,Dum/Braised,"basmati rice, meat, yogurt, saffron, fried onions, spices",https://placehold.co/1200x800?text=Awadhi%20Biryani,Wikipedia,https://en.wikipedia.org/wiki/Awadhi_biryani
Z1-UP-01,Lucknow Soft Tiffin Awadhi Biryani,Soft Tiffin Awadhi Biryani,Lucknow Soft Tiffin Awadhi Biryani,North,Uttar Pradesh,Lucknow,Awadhi,NA,NA,Global,Non-Veg,everyday,lunch,,Dum/Braised,"basmati rice, meat, yogurt, saffron, fried onions, spices",https://placehold.co/1200x800?text=Awadhi%20Biryani,Wikipedia,https://en.wikipedia.org/wiki/Awadhi_biryani
Z1-UP-01,Varanasi Quick Serve Awadhi Biryani,Quick Serve Awadhi Biryani,Varanasi Quick Serve Awadhi Biryani,North,Uttar Pradesh,Varanasi,Awadhi,NA,NA,Global,Non-Veg,everyday,breakfast,,Dum/Braised,"basmati rice, meat, yogurt, saffron, fried onions, spices",https://placehold.co/1200x800?text=Awadhi%20Biryani,Wikipedia,https://en.wikipedia.org/wiki/Awadhi_biryani
Z1-UP-01,Agra Courtyard Plate Awadhi Biryani,Courtyard Plate Awadhi Biryani,Agra Courtyard Plate Awadhi Biryani,North,Uttar Pradesh,Agra,Awadhi,NA,NA,Global,Non-Veg,everyday,lunch,,Dum/Braised,"basmati rice, meat, yogurt, saffron, fried onions, spices",https://placehold.co/1200x800?text=Awadhi%20Biryani,Wikipedia,https://en.wikipedia.org/wiki/Awadhi_biryani
Z1-UP-02,Varanasi Home Style Tunday Kebab,Home Style Lucknowi Minced Kebab,Varanasi Home Style Tunday Kebab,North,Uttar Pradesh,Varanasi,Awadhi,NA,NA,Global,Non-Veg,everyday,lunch,,Fried,"minced meat, gram flour, spices, onion, papaya",https://placehold.co/1200x800?text=Tunday%20Kebab,Wikipedia,https://en.wikipedia.org/wiki/Tunday_kabab
Z1-UP-02,Agra Street Style Tunday Kebab,Street Style Lucknowi Minced Kebab,Agra Street Style Tunday Kebab,North,Uttar Pradesh,Agra,Awadhi,NA,NA,Global,Non-Veg,everyday,snack,,Fried,"minced meat, gram flour, spices, onion, papaya",https://placehold.co/1200x800?text=Tunday%20Kebab,Wikipedia,https://en.wikipedia.org/wiki/Tunday_kabab
Z1-UP-02,Kanpur Dhaba Style Tunday Kebab,Dhaba Style Lucknowi Minced Kebab,Kanpur Dhaba Style Tunday Kebab,North,Uttar Pradesh,Kanpur,Awadhi,NA,NA,Global,Non-Veg,everyday,lunch,,Fried,"minced meat, gram flour, spices, onion, papaya",https://placehold.co/1200x800?text=Tunday%20Kebab,Wikipedia,https://en.wikipedia.org/wiki/Tunday_kabab
Z1-UP-02,Lucknow Tawa Style Tunday Kebab,Tawa Style Lucknowi Minced Kebab,Lucknow Tawa Style Tunday Kebab,North,Uttar Pradesh,Lucknow,Awadhi,NA,NA,Global,Non-Veg,everyday,breakfast,,Fried,"minced meat, gram flour, spices, onion, papaya",https://placehold.co/1200x800?text=Tunday%20Kebab,Wikipedia,https://en.wikipedia.org/wiki/Tunday_kabab
Z1-UP-02,Varanasi Tandoor Style Tunday Kebab,Tandoor Style Lucknowi Minced Kebab,Varanasi Tandoor Style Tunday Kebab,North,Uttar Pradesh,Varanasi,Awadhi,NA,NA,Global,Non-Veg,everyday,dinner,,Fried,"minced meat, gram flour, spices, onion, papaya",https://placehold.co/1200x800?text=Tunday%20Kebab,Wikipedia,https://en.wikipedia.org/wiki/Tunday_kabab
Z1-UP-02,Agra Family Thali Tunday Kebab,Family Thali Lucknowi Minced Kebab,Agra Family Thali Tunday Kebab,North,Uttar Pradesh,Agra,Awadhi,NA,NA,Global,Non-Veg,everyday,lunch,,Fried,"minced meat, gram flour, spices, onion, papaya",https://placehold.co/1200x800?text=Tunday%20Kebab,Wikipedia,https://en.wikipedia.org/wiki/Tunday_kabab
Z1-UP-02,Kanpur Weekend Special Tunday Kebab,Weekend Special Lucknowi Minced Kebab,Kanpur Weekend Special Tunday Kebab,North,Uttar Pradesh,Kanpur,Awadhi,NA,NA,Global,Non-Veg,everyday,lunch,,Fried,"minced meat, gram flour, spices, onion, papaya",https://placehold.co/1200x800?text=Tunday%20Kebab,Wikipedia,https://en.wikipedia.org/wiki/Tunday_kabab
Z1-UP-02,Lucknow Village Plate Tunday Kebab,Village Plate Lucknowi Minced Kebab,Lucknow Village Plate Tunday Kebab,North,Uttar Pradesh,Lucknow,Awadhi,NA,NA,Global,Non-Veg,everyday,dinner,,Fried,"minced meat, gram flour, spices, onion, papaya",https://placehold.co/1200x800?text=Tunday%20Kebab,Wikipedia,https://en.wikipedia.org/wiki/Tunday_kabab
Z1-UP-02,Varanasi Packed Lunch Tunday Kebab,Packed Lunch Lucknowi Minced Kebab,Varanasi Packed Lunch Tunday Kebab,North,Uttar Pradesh,Varanasi,Awadhi,NA,NA,Global,Non-Veg,everyday,lunch,,Fried,"minced meat, gram flour, spices, onion, papaya",https://placehold.co/1200x800?text=Tunday%20Kebab,Wikipedia,https://en.wikipedia.org/wiki/Tunday_kabab
Z1-UP-02,Agra Late-Night Stall Tunday Kebab,Late-Night Stall Lucknowi Minced Kebab,Agra Late-Night Stall Tunday Kebab,North,Uttar Pradesh,Agra,Awadhi,NA,NA,Global,Non-Veg,everyday,snack,,Fried,"minced meat, gram flour, spices, onion, papaya",https://placehold.co/1200x800?text=Tunday%20Kebab,Wikipedia,https://en.wikipedia.org/wiki/Tunday_kabab
Z1-UP-02,Kanpur Tea-Time Plate Tunday Kebab,Tea-Time Plate Lucknowi Minced Kebab,Kanpur Tea-Time Plate Tunday Kebab,North,Uttar Pradesh,Kanpur,Awadhi,NA,NA,Global,Non-Veg,everyday,snack,,Fried,"minced meat, gram flour, spices, onion, papaya",https://placehold.co/1200x800?text=Tunday%20Kebab,Wikipedia,https://en.wikipedia.org/wiki/Tunday_kabab
Z1-UP-02,Lucknow Winter Bowl Tunday Kebab,Winter Bowl Lucknowi Minced Kebab,Lucknow Winter Bowl Tunday Kebab,North,Uttar Pradesh,Lucknow,Awadhi,NA,NA,Global,Non-Veg,everyday,dinner,,Fried,"minced meat, gram flour, spices, onion, papaya",https://placehold.co/1200x800?text=Tunday%20Kebab,Wikipedia,https://en.wikipedia.org/wiki/Tunday_kabab
Z1-UP-02,Varanasi Summer Plate Tunday Kebab,Summer Plate Lucknowi Minced Kebab,Varanasi Summer Plate Tunday Kebab,North,Uttar Pradesh,Varanasi,Awadhi,NA,NA,Global,Non-Veg,everyday,lunch,,Fried,"minced meat, gram flour, spices, onion, papaya",https://placehold.co/1200x800?text=Tunday%20Kebab,Wikipedia,https://en.wikipedia.org/wiki/Tunday_kabab
Z1-UP-02,Agra Smoky Pot Tunday Kebab,Smoky Pot Lucknowi Minced Kebab,Agra Smoky Pot Tunday Kebab,North,Uttar Pradesh,Agra,Awadhi,NA,NA,Global,Non-Veg,everyday,dinner,,Fried,"minced meat, gram flour, spices, onion, papaya",https://placehold.co/1200x800?text=Tunday%20Kebab,Wikipedia,https://en.wikipedia.org/wiki/Tunday_kabab
Z1-UP-02,Kanpur Crisp Skillet Tunday Kebab,Crisp Skillet Lucknowi Minced Kebab,Kanpur Crisp Skillet Tunday Kebab,North,Uttar Pradesh,Kanpur,Awadhi,NA,NA,Global,Non-Veg,everyday,snack,,Fried,"minced meat, gram flour, spices, onion, papaya",https://placehold.co/1200x800?text=Tunday%20Kebab,Wikipedia,https://en.wikipedia.org/wiki/Tunday_kabab
Z1-UP-02,Lucknow Millet Bowl Tunday Kebab,Millet Bowl Lucknowi Minced Kebab,Lucknow Millet Bowl Tunday Kebab,North,Uttar Pradesh,Lucknow,Awadhi,NA,NA,Global,Non-Veg,everyday,breakfast,,Fried,"minced meat, gram flour, spices, onion, papaya",https://placehold.co/1200x800?text=Tunday%20Kebab,Wikipedia,https://en.wikipedia.org/wiki/Tunday_kabab
Z1-UP-02,Varanasi Picnic Pack Tunday Kebab,Picnic Pack Lucknowi Minced Kebab,Varanasi Picnic Pack Tunday Kebab,North,Uttar Pradesh,Varanasi,Awadhi,NA,NA,Global,Non-Veg,everyday,lunch,,Fried,"minced meat, gram flour, spices, onion, papaya",https://placehold.co/1200x800?text=Tunday%20Kebab,Wikipedia,https://en.wikipedia.org/wiki/Tunday_kabab
Z1-UP-02,Agra Monsoon Plate Tunday Kebab,Monsoon Plate Lucknowi Minced Kebab,Agra Monsoon Plate Tunday Kebab,North,Uttar Pradesh,Agra,Awadhi,NA,NA,Global,Non-Veg,everyday,snack,,Fried,"minced meat, gram flour, spices, onion, papaya",https://placehold.co/1200x800?text=Tunday%20Kebab,Wikipedia,https://en.wikipedia.org/wiki/Tunday_kabab
Z1-UP-02,Kanpur Copper Pot Version Tunday Kebab,Copper Pot Version Lucknowi Minced Kebab,Kanpur Copper Pot Version Tunday Kebab,North,Uttar Pradesh,Kanpur,Awadhi,NA,NA,Global,Non-Veg,everyday,dinner,,Fried,"minced meat, gram flour, spices, onion, papaya",https://placehold.co/1200x800?text=Tunday%20Kebab,Wikipedia,https://en.wikipedia.org/wiki/Tunday_kabab
Z1-UP-02,Lucknow Earth-Oven Batch Tunday Kebab,Earth-Oven Batch Lucknowi Minced Kebab,Lucknow Earth-Oven Batch Tunday Kebab,North,Uttar Pradesh,Lucknow,Awadhi,NA,NA,Global,Non-Veg,everyday,lunch,,Fried,"minced meat, gram flour, spices, onion, papaya",https://placehold.co/1200x800?text=Tunday%20Kebab,Wikipedia,https://en.wikipedia.org/wiki/Tunday_kabab
Z1-UP-02,Varanasi Comfort Meal Tunday Kebab,Comfort Meal Lucknowi Minced Kebab,Varanasi Comfort Meal Tunday Kebab,North,Uttar Pradesh,Varanasi,Awadhi,NA,NA,Global,Non-Veg,everyday,dinner,,Fried,"minced meat, gram flour, spices, onion, papaya",https://placehold.co/1200x800?text=Tunday%20Kebab,Wikipedia,https://en.wikipedia.org/wiki/Tunday_kabab
Z1-UP-02,Agra Market Special Tunday Kebab,Market Special Lucknowi Minced Kebab,Agra Market Special Tunday Kebab,North,Uttar Pradesh,Agra,Awadhi,NA,NA,Global,Non-Veg,everyday,snack,,Fried,"minced meat, gram flour, spices, onion, papaya",https://placehold.co/1200x800?text=Tunday%20Kebab,Wikipedia,https://en.wikipedia.org/wiki/Tunday_kabab
Z1-UP-02,Kanpur Soft Set Tunday Kebab,Soft Set Lucknowi Minced Kebab,Kanpur Soft Set Tunday Kebab,North,Uttar Pradesh,Kanpur,Awadhi,NA,NA,Global,Non-Veg,everyday,breakfast,,Fried,"minced meat, gram flour, spices, onion, papaya",https://placehold.co/1200x800?text=Tunday%20Kebab,Wikipedia,https://en.wikipedia.org/wiki/Tunday_kabab
Z1-UP-02,Lucknow Flaky Version Tunday Kebab,Flaky Version Lucknowi Minced Kebab,Lucknow Flaky Version Tunday Kebab,North,Uttar Pradesh,Lucknow,Awadhi,NA,NA,Global,Non-Veg,everyday,breakfast,,Fried,"minced meat, gram flour, spices, onion, papaya",https://placehold.co/1200x800?text=Tunday%20Kebab,Wikipedia,https://en.wikipedia.org/wiki/Tunday_kabab
Z1-UP-02,Varanasi Rich Gravy Bowl Tunday Kebab,Rich Gravy Bowl Lucknowi Minced Kebab,Varanasi Rich Gravy Bowl Tunday Kebab,North,Uttar Pradesh,Varanasi,Awadhi,NA,NA,Global,Non-Veg,everyday,dinner,,Fried,"minced meat, gram flour, spices, onion, papaya",https://placehold.co/1200x800?text=Tunday%20Kebab,Wikipedia,https://en.wikipedia.org/wiki/Tunday_kabab
Z1-UP-02,Agra Travel-Friendly Pack Tunday Kebab,Travel-Friendly Pack Lucknowi Minced Kebab,Agra Travel-Friendly Pack Tunday Kebab,North,Uttar Pradesh,Agra,Awadhi,NA,NA,Global,Non-Veg,everyday,lunch,,Fried,"minced meat, gram flour, spices, onion, papaya",https://placehold.co/1200x800?text=Tunday%20Kebab,Wikipedia,https://en.wikipedia.org/wiki/Tunday_kabab
Z1-UP-02,Kanpur Rustic Bowl Tunday Kebab,Rustic Bowl Lucknowi Minced Kebab,Kanpur Rustic Bowl Tunday Kebab,North,Uttar Pradesh,Kanpur,Awadhi,NA,NA,Global,Non-Veg,everyday,dinner,,Fried,"minced meat, gram flour, spices, onion, papaya",https://placehold.co/1200x800?text=Tunday%20Kebab,Wikipedia,https://en.wikipedia.org/wiki/Tunday_kabab
Z1-UP-02,Lucknow Festival Plate Tunday Kebab,Festival Plate Lucknowi Minced Kebab,Lucknow Festival Plate Tunday Kebab,North,Uttar Pradesh,Lucknow,Awadhi,NA,NA,Global,Non-Veg,occasional,,Prepared during regional festivals and family gatherings.,Fried,"minced meat, gram flour, spices, onion, papaya",https://placehold.co/1200x800?text=Tunday%20Kebab,Wikipedia,https://en.wikipedia.org/wiki/Tunday_kabab
Z1-UP-02,Varanasi Heritage Platter Tunday Kebab,Heritage Platter Lucknowi Minced Kebab,Varanasi Heritage Platter Tunday Kebab,North,Uttar Pradesh,Varanasi,Awadhi,NA,NA,Global,Non-Veg,occasional,,Served as a heritage-style preparation on special occasions.,Fried,"minced meat, gram flour, spices, onion, papaya",https://placehold.co/1200x800?text=Tunday%20Kebab,Wikipedia,https://en.wikipedia.org/wiki/Tunday_kabab
Z1-UP-02,Agra Royal Spread Tunday Kebab,Royal Spread Lucknowi Minced Kebab,Agra Royal Spread Tunday Kebab,North,Uttar Pradesh,Agra,Awadhi,NA,NA,Global,Non-Veg,occasional,,Associated with ceremonial and royal-style meals.,Fried,"minced meat, gram flour, spices, onion, papaya",https://placehold.co/1200x800?text=Tunday%20Kebab,Wikipedia,https://en.wikipedia.org/wiki/Tunday_kabab
Z1-UP-02,Kanpur Family Feast Tunday Kebab,Family Feast Lucknowi Minced Kebab,Kanpur Family Feast Tunday Kebab,North,Uttar Pradesh,Kanpur,Awadhi,NA,NA,Global,Non-Veg,occasional,,Prepared for family celebrations and large community meals.,Fried,"minced meat, gram flour, spices, onion, papaya",https://placehold.co/1200x800?text=Tunday%20Kebab,Wikipedia,https://en.wikipedia.org/wiki/Tunday_kabab
Z1-UP-02,Lucknow Courtyard Feast Tunday Kebab,Courtyard Feast Lucknowi Minced Kebab,Lucknow Courtyard Feast Tunday Kebab,North,Uttar Pradesh,Lucknow,Awadhi,NA,NA,Global,Non-Veg,occasional,,Prepared for courtyard gatherings and festive hosting.,Fried,"minced meat, gram flour, spices, onion, papaya",https://placehold.co/1200x800?text=Tunday%20Kebab,Wikipedia,https://en.wikipedia.org/wiki/Tunday_kabab
Z1-UP-02,Varanasi Heritage Bowl Tunday Kebab,Heritage Bowl Lucknowi Minced Kebab,Varanasi Heritage Bowl Tunday Kebab,North,Uttar Pradesh,Varanasi,Awadhi,NA,NA,Global,Non-Veg,occasional,,An old-style bowl served during commemorative feasts.,Fried,"minced meat, gram flour, spices, onion, papaya",https://placehold.co/1200x800?text=Tunday%20Kebab,Wikipedia,https://en.wikipedia.org/wiki/Tunday_kabab
Z1-UP-02,Agra Celebration Tray Tunday Kebab,Celebration Tray Lucknowi Minced Kebab,Agra Celebration Tray Tunday Kebab,North,Uttar Pradesh,Agra,Awadhi,NA,NA,Global,Non-Veg,occasional,,A celebratory tray served during weddings or major festivals.,Fried,"minced meat, gram flour, spices, onion, papaya",https://placehold.co/1200x800?text=Tunday%20Kebab,Wikipedia,https://en.wikipedia.org/wiki/Tunday_kabab
Z1-UP-02,Kanpur Evening Snack Tunday Kebab,Evening Snack Lucknowi Minced Kebab,Kanpur Evening Snack Tunday Kebab,North,Uttar Pradesh,Kanpur,Awadhi,NA,NA,Global,Non-Veg,everyday,snack,,Fried,"minced meat, gram flour, spices, onion, papaya",https://placehold.co/1200x800?text=Tunday%20Kebab,Wikipedia,https://en.wikipedia.org/wiki/Tunday_kabab
Z1-UP-02,Lucknow Lodge Meal Tunday Kebab,Lodge Meal Lucknowi Minced Kebab,Lucknow Lodge Meal Tunday Kebab,North,Uttar Pradesh,Lucknow,Awadhi,NA,NA,Global,Non-Veg,everyday,dinner,,Fried,"minced meat, gram flour, spices, onion, papaya",https://placehold.co/1200x800?text=Tunday%20Kebab,Wikipedia,https://en.wikipedia.org/wiki/Tunday_kabab
Z1-UP-02,Varanasi Soft Tiffin Tunday Kebab,Soft Tiffin Lucknowi Minced Kebab,Varanasi Soft Tiffin Tunday Kebab,North,Uttar Pradesh,Varanasi,Awadhi,NA,NA,Global,Non-Veg,everyday,lunch,,Fried,"minced meat, gram flour, spices, onion, papaya",https://placehold.co/1200x800?text=Tunday%20Kebab,Wikipedia,https://en.wikipedia.org/wiki/Tunday_kabab
Z1-UP-02,Agra Quick Serve Tunday Kebab,Quick Serve Lucknowi Minced Kebab,Agra Quick Serve Tunday Kebab,North,Uttar Pradesh,Agra,Awadhi,NA,NA,Global,Non-Veg,everyday,breakfast,,Fried,"minced meat, gram flour, spices, onion, papaya",https://placehold.co/1200x800?text=Tunday%20Kebab,Wikipedia,https://en.wikipedia.org/wiki/Tunday_kabab
Z1-UP-02,Kanpur Courtyard Plate Tunday Kebab,Courtyard Plate Lucknowi Minced Kebab,Kanpur Courtyard Plate Tunday Kebab,North,Uttar Pradesh,Kanpur,Awadhi,NA,NA,Global,Non-Veg,everyday,lunch,,Fried,"minced meat, gram flour, spices, onion, papaya",https://placehold.co/1200x800?text=Tunday%20Kebab,Wikipedia,https://en.wikipedia.org/wiki/Tunday_kabab
Z1-DL-01,Old Delhi Home Style Butter Chicken,Home Style Butter Chicken,Old Delhi Home Style Butter Chicken,North,Delhi,Old Delhi,Delhite,NA,NA,Global,Non-Veg,everyday,lunch,,Simmered/Stewed,"chicken, tomato, butter, cream, kasuri methi, spices",https://placehold.co/1200x800?text=Butter%20Chicken,Wikipedia,https://en.wikipedia.org/wiki/Butter_chicken
Z1-DL-01,New Delhi Street Style Butter Chicken,Street Style Butter Chicken,New Delhi Street Style Butter Chicken,North,Delhi,New Delhi,Delhite,NA,NA,Global,Non-Veg,everyday,snack,,Simmered/Stewed,"chicken, tomato, butter, cream, kasuri methi, spices",https://placehold.co/1200x800?text=Butter%20Chicken,Wikipedia,https://en.wikipedia.org/wiki/Butter_chicken
Z1-DL-01,Nizamuddin Dhaba Style Butter Chicken,Dhaba Style Butter Chicken,Nizamuddin Dhaba Style Butter Chicken,North,Delhi,Nizamuddin,Delhite,NA,NA,Global,Non-Veg,everyday,lunch,,Simmered/Stewed,"chicken, tomato, butter, cream, kasuri methi, spices",https://placehold.co/1200x800?text=Butter%20Chicken,Wikipedia,https://en.wikipedia.org/wiki/Butter_chicken
Z1-DL-01,Chandni Chowk Tawa Style Butter Chicken,Tawa Style Butter Chicken,Chandni Chowk Tawa Style Butter Chicken,North,Delhi,Chandni Chowk,Delhite,NA,NA,Global,Non-Veg,everyday,breakfast,,Simmered/Stewed,"chicken, tomato, butter, cream, kasuri methi, spices",https://placehold.co/1200x800?text=Butter%20Chicken,Wikipedia,https://en.wikipedia.org/wiki/Butter_chicken
Z1-DL-01,Old Delhi Tandoor Style Butter Chicken,Tandoor Style Butter Chicken,Old Delhi Tandoor Style Butter Chicken,North,Delhi,Old Delhi,Delhite,NA,NA,Global,Non-Veg,everyday,dinner,,Simmered/Stewed,"chicken, tomato, butter, cream, kasuri methi, spices",https://placehold.co/1200x800?text=Butter%20Chicken,Wikipedia,https://en.wikipedia.org/wiki/Butter_chicken
Z1-DL-01,New Delhi Family Thali Butter Chicken,Family Thali Butter Chicken,New Delhi Family Thali Butter Chicken,North,Delhi,New Delhi,Delhite,NA,NA,Global,Non-Veg,everyday,lunch,,Simmered/Stewed,"chicken, tomato, butter, cream, kasuri methi, spices",https://placehold.co/1200x800?text=Butter%20Chicken,Wikipedia,https://en.wikipedia.org/wiki/Butter_chicken
Z1-DL-01,Nizamuddin Weekend Special Butter Chicken,Weekend Special Butter Chicken,Nizamuddin Weekend Special Butter Chicken,North,Delhi,Nizamuddin,Delhite,NA,NA,Global,Non-Veg,everyday,lunch,,Simmered/Stewed,"chicken, tomato, butter, cream, kasuri methi, spices",https://placehold.co/1200x800?text=Butter%20Chicken,Wikipedia,https://en.wikipedia.org/wiki/Butter_chicken
Z1-DL-01,Chandni Chowk Village Plate Butter Chicken,Village Plate Butter Chicken,Chandni Chowk Village Plate Butter Chicken,North,Delhi,Chandni Chowk,Delhite,NA,NA,Global,Non-Veg,everyday,dinner,,Simmered/Stewed,"chicken, tomato, butter, cream, kasuri methi, spices",https://placehold.co/1200x800?text=Butter%20Chicken,Wikipedia,https://en.wikipedia.org/wiki/Butter_chicken
Z1-DL-01,Old Delhi Packed Lunch Butter Chicken,Packed Lunch Butter Chicken,Old Delhi Packed Lunch Butter Chicken,North,Delhi,Old Delhi,Delhite,NA,NA,Global,Non-Veg,everyday,lunch,,Simmered/Stewed,"chicken, tomato, butter, cream, kasuri methi, spices",https://placehold.co/1200x800?text=Butter%20Chicken,Wikipedia,https://en.wikipedia.org/wiki/Butter_chicken
Z1-DL-01,New Delhi Late-Night Stall Butter Chicken,Late-Night Stall Butter Chicken,New Delhi Late-Night Stall Butter Chicken,North,Delhi,New Delhi,Delhite,NA,NA,Global,Non-Veg,everyday,snack,,Simmered/Stewed,"chicken, tomato, butter, cream, kasuri methi, spices",https://placehold.co/1200x800?text=Butter%20Chicken,Wikipedia,https://en.wikipedia.org/wiki/Butter_chicken
Z1-DL-01,Nizamuddin Tea-Time Plate Butter Chicken,Tea-Time Plate Butter Chicken,Nizamuddin Tea-Time Plate Butter Chicken,North,Delhi,Nizamuddin,Delhite,NA,NA,Global,Non-Veg,everyday,snack,,Simmered/Stewed,"chicken, tomato, butter, cream, kasuri methi, spices",https://placehold.co/1200x800?text=Butter%20Chicken,Wikipedia,https://en.wikipedia.org/wiki/Butter_chicken
Z1-DL-01,Chandni Chowk Winter Bowl Butter Chicken,Winter Bowl Butter Chicken,Chandni Chowk Winter Bowl Butter Chicken,North,Delhi,Chandni Chowk,Delhite,NA,NA,Global,Non-Veg,everyday,dinner,,Simmered/Stewed,"chicken, tomato, butter, cream, kasuri methi, spices",https://placehold.co/1200x800?text=Butter%20Chicken,Wikipedia,https://en.wikipedia.org/wiki/Butter_chicken
Z1-DL-01,Old Delhi Summer Plate Butter Chicken,Summer Plate Butter Chicken,Old Delhi Summer Plate Butter Chicken,North,Delhi,Old Delhi,Delhite,NA,NA,Global,Non-Veg,everyday,lunch,,Simmered/Stewed,"chicken, tomato, butter, cream, kasuri methi, spices",https://placehold.co/1200x800?text=Butter%20Chicken,Wikipedia,https://en.wikipedia.org/wiki/Butter_chicken
Z1-DL-01,New Delhi Smoky Pot Butter Chicken,Smoky Pot Butter Chicken,New Delhi Smoky Pot Butter Chicken,North,Delhi,New Delhi,Delhite,NA,NA,Global,Non-Veg,everyday,dinner,,Simmered/Stewed,"chicken, tomato, butter, cream, kasuri methi, spices",https://placehold.co/1200x800?text=Butter%20Chicken,Wikipedia,https://en.wikipedia.org/wiki/Butter_chicken
Z1-DL-01,Nizamuddin Crisp Skillet Butter Chicken,Crisp Skillet Butter Chicken,Nizamuddin Crisp Skillet Butter Chicken,North,Delhi,Nizamuddin,Delhite,NA,NA,Global,Non-Veg,everyday,snack,,Simmered/Stewed,"chicken, tomato, butter, cream, kasuri methi, spices",https://placehold.co/1200x800?text=Butter%20Chicken,Wikipedia,https://en.wikipedia.org/wiki/Butter_chicken
Z1-DL-01,Chandni Chowk Millet Bowl Butter Chicken,Millet Bowl Butter Chicken,Chandni Chowk Millet Bowl Butter Chicken,North,Delhi,Chandni Chowk,Delhite,NA,NA,Global,Non-Veg,everyday,breakfast,,Simmered/Stewed,"chicken, tomato, butter, cream, kasuri methi, spices",https://placehold.co/1200x800?text=Butter%20Chicken,Wikipedia,https://en.wikipedia.org/wiki/Butter_chicken
Z1-DL-01,Old Delhi Picnic Pack Butter Chicken,Picnic Pack Butter Chicken,Old Delhi Picnic Pack Butter Chicken,North,Delhi,Old Delhi,Delhite,NA,NA,Global,Non-Veg,everyday,lunch,,Simmered/Stewed,"chicken, tomato, butter, cream, kasuri methi, spices",https://placehold.co/1200x800?text=Butter%20Chicken,Wikipedia,https://en.wikipedia.org/wiki/Butter_chicken
Z1-DL-01,New Delhi Monsoon Plate Butter Chicken,Monsoon Plate Butter Chicken,New Delhi Monsoon Plate Butter Chicken,North,Delhi,New Delhi,Delhite,NA,NA,Global,Non-Veg,everyday,snack,,Simmered/Stewed,"chicken, tomato, butter, cream, kasuri methi, spices",https://placehold.co/1200x800?text=Butter%20Chicken,Wikipedia,https://en.wikipedia.org/wiki/Butter_chicken
Z1-DL-01,Nizamuddin Copper Pot Version Butter Chicken,Copper Pot Version Butter Chicken,Nizamuddin Copper Pot Version Butter Chicken,North,Delhi,Nizamuddin,Delhite,NA,NA,Global,Non-Veg,everyday,dinner,,Simmered/Stewed,"chicken, tomato, butter, cream, kasuri methi, spices",https://placehold.co/1200x800?text=Butter%20Chicken,Wikipedia,https://en.wikipedia.org/wiki/Butter_chicken
Z1-DL-01,Chandni Chowk Earth-Oven Batch Butter Chicken,Earth-Oven Batch Butter Chicken,Chandni Chowk Earth-Oven Batch Butter Chicken,North,Delhi,Chandni Chowk,Delhite,NA,NA,Global,Non-Veg,everyday,lunch,,Simmered/Stewed,"chicken, tomato, butter, cream, kasuri methi, spices",https://placehold.co/1200x800?text=Butter%20Chicken,Wikipedia,https://en.wikipedia.org/wiki/Butter_chicken
Z1-DL-01,Old Delhi Comfort Meal Butter Chicken,Comfort Meal Butter Chicken,Old Delhi Comfort Meal Butter Chicken,North,Delhi,Old Delhi,Delhite,NA,NA,Global,Non-Veg,everyday,dinner,,Simmered/Stewed,"chicken, tomato, butter, cream, kasuri methi, spices",https://placehold.co/1200x800?text=Butter%20Chicken,Wikipedia,https://en.wikipedia.org/wiki/Butter_chicken
Z1-DL-01,New Delhi Market Special Butter Chicken,Market Special Butter Chicken,New Delhi Market Special Butter Chicken,North,Delhi,New Delhi,Delhite,NA,NA,Global,Non-Veg,everyday,snack,,Simmered/Stewed,"chicken, tomato, butter, cream, kasuri methi, spices",https://placehold.co/1200x800?text=Butter%20Chicken,Wikipedia,https://en.wikipedia.org/wiki/Butter_chicken
Z1-DL-01,Nizamuddin Soft Set Butter Chicken,Soft Set Butter Chicken,Nizamuddin Soft Set Butter Chicken,North,Delhi,Nizamuddin,Delhite,NA,NA,Global,Non-Veg,everyday,breakfast,,Simmered/Stewed,"chicken, tomato, butter, cream, kasuri methi, spices",https://placehold.co/1200x800?text=Butter%20Chicken,Wikipedia,https://en.wikipedia.org/wiki/Butter_chicken
Z1-DL-01,Chandni Chowk Flaky Version Butter Chicken,Flaky Version Butter Chicken,Chandni Chowk Flaky Version Butter Chicken,North,Delhi,Chandni Chowk,Delhite,NA,NA,Global,Non-Veg,everyday,breakfast,,Simmered/Stewed,"chicken, tomato, butter, cream, kasuri methi, spices",https://placehold.co/1200x800?text=Butter%20Chicken,Wikipedia,https://en.wikipedia.org/wiki/Butter_chicken
Z1-DL-01,Old Delhi Rich Gravy Bowl Butter Chicken,Rich Gravy Bowl Butter Chicken,Old Delhi Rich Gravy Bowl Butter Chicken,North,Delhi,Old Delhi,Delhite,NA,NA,Global,Non-Veg,everyday,dinner,,Simmered/Stewed,"chicken, tomato, butter, cream, kasuri methi, spices",https://placehold.co/1200x800?text=Butter%20Chicken,Wikipedia,https://en.wikipedia.org/wiki/Butter_chicken
Z1-DL-01,New Delhi Travel-Friendly Pack Butter Chicken,Travel-Friendly Pack Butter Chicken,New Delhi Travel-Friendly Pack Butter Chicken,North,Delhi,New Delhi,Delhite,NA,NA,Global,Non-Veg,everyday,lunch,,Simmered/Stewed,"chicken, tomato, butter, cream, kasuri methi, spices",https://placehold.co/1200x800?text=Butter%20Chicken,Wikipedia,https://en.wikipedia.org/wiki/Butter_chicken
Z1-DL-01,Nizamuddin Rustic Bowl Butter Chicken,Rustic Bowl Butter Chicken,Nizamuddin Rustic Bowl Butter Chicken,North,Delhi,Nizamuddin,Delhite,NA,NA,Global,Non-Veg,everyday,dinner,,Simmered/Stewed,"chicken, tomato, butter, cream, kasuri methi, spices",https://placehold.co/1200x800?text=Butter%20Chicken,Wikipedia,https://en.wikipedia.org/wiki/Butter_chicken
Z1-DL-01,Chandni Chowk Festival Plate Butter Chicken,Festival Plate Butter Chicken,Chandni Chowk Festival Plate Butter Chicken,North,Delhi,Chandni Chowk,Delhite,NA,NA,Global,Non-Veg,occasional,,Prepared during regional festivals and family gatherings.,Simmered/Stewed,"chicken, tomato, butter, cream, kasuri methi, spices",https://placehold.co/1200x800?text=Butter%20Chicken,Wikipedia,https://en.wikipedia.org/wiki/Butter_chicken
Z1-DL-01,Old Delhi Heritage Platter Butter Chicken,Heritage Platter Butter Chicken,Old Delhi Heritage Platter Butter Chicken,North,Delhi,Old Delhi,Delhite,NA,NA,Global,Non-Veg,occasional,,Served as a heritage-style preparation on special occasions.,Simmered/Stewed,"chicken, tomato, butter, cream, kasuri methi, spices",https://placehold.co/1200x800?text=Butter%20Chicken,Wikipedia,https://en.wikipedia.org/wiki/Butter_chicken
Z1-DL-01,New Delhi Royal Spread Butter Chicken,Royal Spread Butter Chicken,New Delhi Royal Spread Butter Chicken,North,Delhi,New Delhi,Delhite,NA,NA,Global,Non-Veg,occasional,,Associated with ceremonial and royal-style meals.,Simmered/Stewed,"chicken, tomato, butter, cream, kasuri methi, spices",https://placehold.co/1200x800?text=Butter%20Chicken,Wikipedia,https://en.wikipedia.org/wiki/Butter_chicken
Z1-DL-01,Nizamuddin Family Feast Butter Chicken,Family Feast Butter Chicken,Nizamuddin Family Feast Butter Chicken,North,Delhi,Nizamuddin,Delhite,NA,NA,Global,Non-Veg,occasional,,Prepared for family celebrations and large community meals.,Simmered/Stewed,"chicken, tomato, butter, cream, kasuri methi, spices",https://placehold.co/1200x800?text=Butter%20Chicken,Wikipedia,https://en.wikipedia.org/wiki/Butter_chicken
Z1-DL-01,Chandni Chowk Courtyard Feast Butter Chicken,Courtyard Feast Butter Chicken,Chandni Chowk Courtyard Feast Butter Chicken,North,Delhi,Chandni Chowk,Delhite,NA,NA,Global,Non-Veg,occasional,,Prepared for courtyard gatherings and festive hosting.,Simmered/Stewed,"chicken, tomato, butter, cream, kasuri methi, spices",https://placehold.co/1200x800?text=Butter%20Chicken,Wikipedia,https://en.wikipedia.org/wiki/Butter_chicken
Z1-DL-01,Old Delhi Heritage Bowl Butter Chicken,Heritage Bowl Butter Chicken,Old Delhi Heritage Bowl Butter Chicken,North,Delhi,Old Delhi,Delhite,NA,NA,Global,Non-Veg,occasional,,An old-style bowl served during commemorative feasts.,Simmered/Stewed,"chicken, tomato, butter, cream, kasuri methi, spices",https://placehold.co/1200x800?text=Butter%20Chicken,Wikipedia,https://en.wikipedia.org/wiki/Butter_chicken
Z1-DL-01,New Delhi Celebration Tray Butter Chicken,Celebration Tray Butter Chicken,New Delhi Celebration Tray Butter Chicken,North,Delhi,New Delhi,Delhite,NA,NA,Global,Non-Veg,occasional,,A celebratory tray served during weddings or major festivals.,Simmered/Stewed,"chicken, tomato, butter, cream, kasuri methi, spices",https://placehold.co/1200x800?text=Butter%20Chicken,Wikipedia,https://en.wikipedia.org/wiki/Butter_chicken
Z1-DL-01,Nizamuddin Evening Snack Butter Chicken,Evening Snack Butter Chicken,Nizamuddin Evening Snack Butter Chicken,North,Delhi,Nizamuddin,Delhite,NA,NA,Global,Non-Veg,everyday,snack,,Simmered/Stewed,"chicken, tomato, butter, cream, kasuri methi, spices",https://placehold.co/1200x800?text=Butter%20Chicken,Wikipedia,https://en.wikipedia.org/wiki/Butter_chicken
Z1-DL-01,Chandni Chowk Lodge Meal Butter Chicken,Lodge Meal Butter Chicken,Chandni Chowk Lodge Meal Butter Chicken,North,Delhi,Chandni Chowk,Delhite,NA,NA,Global,Non-Veg,everyday,dinner,,Simmered/Stewed,"chicken, tomato, butter, cream, kasuri methi, spices",https://placehold.co/1200x800?text=Butter%20Chicken,Wikipedia,https://en.wikipedia.org/wiki/Butter_chicken
Z1-DL-01,Old Delhi Soft Tiffin Butter Chicken,Soft Tiffin Butter Chicken,Old Delhi Soft Tiffin Butter Chicken,North,Delhi,Old Delhi,Delhite,NA,NA,Global,Non-Veg,everyday,lunch,,Simmered/Stewed,"chicken, tomato, butter, cream, kasuri methi, spices",https://placehold.co/1200x800?text=Butter%20Chicken,Wikipedia,https://en.wikipedia.org/wiki/Butter_chicken
Z1-DL-01,New Delhi Quick Serve Butter Chicken,Quick Serve Butter Chicken,New Delhi Quick Serve Butter Chicken,North,Delhi,New Delhi,Delhite,NA,NA,Global,Non-Veg,everyday,breakfast,,Simmered/Stewed,"chicken, tomato, butter, cream, kasuri methi, spices",https://placehold.co/1200x800?text=Butter%20Chicken,Wikipedia,https://en.wikipedia.org/wiki/Butter_chicken
Z1-DL-01,Nizamuddin Courtyard Plate Butter Chicken,Courtyard Plate Butter Chicken,Nizamuddin Courtyard Plate Butter Chicken,North,Delhi,Nizamuddin,Delhite,NA,NA,Global,Non-Veg,everyday,lunch,,Simmered/Stewed,"chicken, tomato, butter, cream, kasuri methi, spices",https://placehold.co/1200x800?text=Butter%20Chicken,Wikipedia,https://en.wikipedia.org/wiki/Butter_chicken
Z1-DL-02,New Delhi Home Style Daulat Ki Chaat,Home Style Winter Milk Foam Dessert,New Delhi Home Style Daulat Ki Chaat,North,Delhi,New Delhi,Delhite,NA,NA,National,Veg,everyday,lunch,,Boiled,"milk, cream, sugar, saffron, nuts",https://placehold.co/1200x800?text=Daulat%20Ki%20Chaat,Wikipedia,https://en.wikipedia.org/wiki/Daulat_ki_chaat
Z1-DL-02,Nizamuddin Street Style Daulat Ki Chaat,Street Style Winter Milk Foam Dessert,Nizamuddin Street Style Daulat Ki Chaat,North,Delhi,Nizamuddin,Delhite,NA,NA,National,Veg,everyday,snack,,Boiled,"milk, cream, sugar, saffron, nuts",https://placehold.co/1200x800?text=Daulat%20Ki%20Chaat,Wikipedia,https://en.wikipedia.org/wiki/Daulat_ki_chaat
Z1-DL-02,Chandni Chowk Dhaba Style Daulat Ki Chaat,Dhaba Style Winter Milk Foam Dessert,Chandni Chowk Dhaba Style Daulat Ki Chaat,North,Delhi,Chandni Chowk,Delhite,NA,NA,National,Veg,everyday,lunch,,Boiled,"milk, cream, sugar, saffron, nuts",https://placehold.co/1200x800?text=Daulat%20Ki%20Chaat,Wikipedia,https://en.wikipedia.org/wiki/Daulat_ki_chaat
Z1-DL-02,Old Delhi Tawa Style Daulat Ki Chaat,Tawa Style Winter Milk Foam Dessert,Old Delhi Tawa Style Daulat Ki Chaat,North,Delhi,Old Delhi,Delhite,NA,NA,National,Veg,everyday,breakfast,,Boiled,"milk, cream, sugar, saffron, nuts",https://placehold.co/1200x800?text=Daulat%20Ki%20Chaat,Wikipedia,https://en.wikipedia.org/wiki/Daulat_ki_chaat
Z1-DL-02,New Delhi Tandoor Style Daulat Ki Chaat,Tandoor Style Winter Milk Foam Dessert,New Delhi Tandoor Style Daulat Ki Chaat,North,Delhi,New Delhi,Delhite,NA,NA,National,Veg,everyday,dinner,,Boiled,"milk, cream, sugar, saffron, nuts",https://placehold.co/1200x800?text=Daulat%20Ki%20Chaat,Wikipedia,https://en.wikipedia.org/wiki/Daulat_ki_chaat
Z1-DL-02,Nizamuddin Family Thali Daulat Ki Chaat,Family Thali Winter Milk Foam Dessert,Nizamuddin Family Thali Daulat Ki Chaat,North,Delhi,Nizamuddin,Delhite,NA,NA,National,Veg,everyday,lunch,,Boiled,"milk, cream, sugar, saffron, nuts",https://placehold.co/1200x800?text=Daulat%20Ki%20Chaat,Wikipedia,https://en.wikipedia.org/wiki/Daulat_ki_chaat
Z1-DL-02,Chandni Chowk Weekend Special Daulat Ki Chaat,Weekend Special Winter Milk Foam Dessert,Chandni Chowk Weekend Special Daulat Ki Chaat,North,Delhi,Chandni Chowk,Delhite,NA,NA,National,Veg,everyday,lunch,,Boiled,"milk, cream, sugar, saffron, nuts",https://placehold.co/1200x800?text=Daulat%20Ki%20Chaat,Wikipedia,https://en.wikipedia.org/wiki/Daulat_ki_chaat
Z1-DL-02,Old Delhi Village Plate Daulat Ki Chaat,Village Plate Winter Milk Foam Dessert,Old Delhi Village Plate Daulat Ki Chaat,North,Delhi,Old Delhi,Delhite,NA,NA,National,Veg,everyday,dinner,,Boiled,"milk, cream, sugar, saffron, nuts",https://placehold.co/1200x800?text=Daulat%20Ki%20Chaat,Wikipedia,https://en.wikipedia.org/wiki/Daulat_ki_chaat
Z1-DL-02,New Delhi Packed Lunch Daulat Ki Chaat,Packed Lunch Winter Milk Foam Dessert,New Delhi Packed Lunch Daulat Ki Chaat,North,Delhi,New Delhi,Delhite,NA,NA,National,Veg,everyday,lunch,,Boiled,"milk, cream, sugar, saffron, nuts",https://placehold.co/1200x800?text=Daulat%20Ki%20Chaat,Wikipedia,https://en.wikipedia.org/wiki/Daulat_ki_chaat
Z1-DL-02,Nizamuddin Late-Night Stall Daulat Ki Chaat,Late-Night Stall Winter Milk Foam Dessert,Nizamuddin Late-Night Stall Daulat Ki Chaat,North,Delhi,Nizamuddin,Delhite,NA,NA,National,Veg,everyday,snack,,Boiled,"milk, cream, sugar, saffron, nuts",https://placehold.co/1200x800?text=Daulat%20Ki%20Chaat,Wikipedia,https://en.wikipedia.org/wiki/Daulat_ki_chaat
Z1-DL-02,Chandni Chowk Tea-Time Plate Daulat Ki Chaat,Tea-Time Plate Winter Milk Foam Dessert,Chandni Chowk Tea-Time Plate Daulat Ki Chaat,North,Delhi,Chandni Chowk,Delhite,NA,NA,National,Veg,everyday,snack,,Boiled,"milk, cream, sugar, saffron, nuts",https://placehold.co/1200x800?text=Daulat%20Ki%20Chaat,Wikipedia,https://en.wikipedia.org/wiki/Daulat_ki_chaat
Z1-DL-02,Old Delhi Winter Bowl Daulat Ki Chaat,Winter Bowl Winter Milk Foam Dessert,Old Delhi Winter Bowl Daulat Ki Chaat,North,Delhi,Old Delhi,Delhite,NA,NA,National,Veg,everyday,dinner,,Boiled,"milk, cream, sugar, saffron, nuts",https://placehold.co/1200x800?text=Daulat%20Ki%20Chaat,Wikipedia,https://en.wikipedia.org/wiki/Daulat_ki_chaat
Z1-DL-02,New Delhi Summer Plate Daulat Ki Chaat,Summer Plate Winter Milk Foam Dessert,New Delhi Summer Plate Daulat Ki Chaat,North,Delhi,New Delhi,Delhite,NA,NA,National,Veg,everyday,lunch,,Boiled,"milk, cream, sugar, saffron, nuts",https://placehold.co/1200x800?text=Daulat%20Ki%20Chaat,Wikipedia,https://en.wikipedia.org/wiki/Daulat_ki_chaat
Z1-DL-02,Nizamuddin Smoky Pot Daulat Ki Chaat,Smoky Pot Winter Milk Foam Dessert,Nizamuddin Smoky Pot Daulat Ki Chaat,North,Delhi,Nizamuddin,Delhite,NA,NA,National,Veg,everyday,dinner,,Boiled,"milk, cream, sugar, saffron, nuts",https://placehold.co/1200x800?text=Daulat%20Ki%20Chaat,Wikipedia,https://en.wikipedia.org/wiki/Daulat_ki_chaat
Z1-DL-02,Chandni Chowk Crisp Skillet Daulat Ki Chaat,Crisp Skillet Winter Milk Foam Dessert,Chandni Chowk Crisp Skillet Daulat Ki Chaat,North,Delhi,Chandni Chowk,Delhite,NA,NA,National,Veg,everyday,snack,,Boiled,"milk, cream, sugar, saffron, nuts",https://placehold.co/1200x800?text=Daulat%20Ki%20Chaat,Wikipedia,https://en.wikipedia.org/wiki/Daulat_ki_chaat
Z1-DL-02,Old Delhi Millet Bowl Daulat Ki Chaat,Millet Bowl Winter Milk Foam Dessert,Old Delhi Millet Bowl Daulat Ki Chaat,North,Delhi,Old Delhi,Delhite,NA,NA,National,Veg,everyday,breakfast,,Boiled,"milk, cream, sugar, saffron, nuts",https://placehold.co/1200x800?text=Daulat%20Ki%20Chaat,Wikipedia,https://en.wikipedia.org/wiki/Daulat_ki_chaat
Z1-DL-02,New Delhi Picnic Pack Daulat Ki Chaat,Picnic Pack Winter Milk Foam Dessert,New Delhi Picnic Pack Daulat Ki Chaat,North,Delhi,New Delhi,Delhite,NA,NA,National,Veg,everyday,lunch,,Boiled,"milk, cream, sugar, saffron, nuts",https://placehold.co/1200x800?text=Daulat%20Ki%20Chaat,Wikipedia,https://en.wikipedia.org/wiki/Daulat_ki_chaat
Z1-DL-02,Nizamuddin Monsoon Plate Daulat Ki Chaat,Monsoon Plate Winter Milk Foam Dessert,Nizamuddin Monsoon Plate Daulat Ki Chaat,North,Delhi,Nizamuddin,Delhite,NA,NA,National,Veg,everyday,snack,,Boiled,"milk, cream, sugar, saffron, nuts",https://placehold.co/1200x800?text=Daulat%20Ki%20Chaat,Wikipedia,https://en.wikipedia.org/wiki/Daulat_ki_chaat
Z1-DL-02,Chandni Chowk Copper Pot Version Daulat Ki Chaat,Copper Pot Version Winter Milk Foam Dessert,Chandni Chowk Copper Pot Version Daulat Ki Chaat,North,Delhi,Chandni Chowk,Delhite,NA,NA,National,Veg,everyday,dinner,,Boiled,"milk, cream, sugar, saffron, nuts",https://placehold.co/1200x800?text=Daulat%20Ki%20Chaat,Wikipedia,https://en.wikipedia.org/wiki/Daulat_ki_chaat
Z1-DL-02,Old Delhi Earth-Oven Batch Daulat Ki Chaat,Earth-Oven Batch Winter Milk Foam Dessert,Old Delhi Earth-Oven Batch Daulat Ki Chaat,North,Delhi,Old Delhi,Delhite,NA,NA,National,Veg,everyday,lunch,,Boiled,"milk, cream, sugar, saffron, nuts",https://placehold.co/1200x800?text=Daulat%20Ki%20Chaat,Wikipedia,https://en.wikipedia.org/wiki/Daulat_ki_chaat
Z1-DL-02,New Delhi Comfort Meal Daulat Ki Chaat,Comfort Meal Winter Milk Foam Dessert,New Delhi Comfort Meal Daulat Ki Chaat,North,Delhi,New Delhi,Delhite,NA,NA,National,Veg,everyday,dinner,,Boiled,"milk, cream, sugar, saffron, nuts",https://placehold.co/1200x800?text=Daulat%20Ki%20Chaat,Wikipedia,https://en.wikipedia.org/wiki/Daulat_ki_chaat
Z1-DL-02,Nizamuddin Market Special Daulat Ki Chaat,Market Special Winter Milk Foam Dessert,Nizamuddin Market Special Daulat Ki Chaat,North,Delhi,Nizamuddin,Delhite,NA,NA,National,Veg,everyday,snack,,Boiled,"milk, cream, sugar, saffron, nuts",https://placehold.co/1200x800?text=Daulat%20Ki%20Chaat,Wikipedia,https://en.wikipedia.org/wiki/Daulat_ki_chaat
Z1-DL-02,Chandni Chowk Soft Set Daulat Ki Chaat,Soft Set Winter Milk Foam Dessert,Chandni Chowk Soft Set Daulat Ki Chaat,North,Delhi,Chandni Chowk,Delhite,NA,NA,National,Veg,everyday,breakfast,,Boiled,"milk, cream, sugar, saffron, nuts",https://placehold.co/1200x800?text=Daulat%20Ki%20Chaat,Wikipedia,https://en.wikipedia.org/wiki/Daulat_ki_chaat
Z1-DL-02,Old Delhi Flaky Version Daulat Ki Chaat,Flaky Version Winter Milk Foam Dessert,Old Delhi Flaky Version Daulat Ki Chaat,North,Delhi,Old Delhi,Delhite,NA,NA,National,Veg,everyday,breakfast,,Boiled,"milk, cream, sugar, saffron, nuts",https://placehold.co/1200x800?text=Daulat%20Ki%20Chaat,Wikipedia,https://en.wikipedia.org/wiki/Daulat_ki_chaat
Z1-DL-02,New Delhi Rich Gravy Bowl Daulat Ki Chaat,Rich Gravy Bowl Winter Milk Foam Dessert,New Delhi Rich Gravy Bowl Daulat Ki Chaat,North,Delhi,New Delhi,Delhite,NA,NA,National,Veg,everyday,dinner,,Boiled,"milk, cream, sugar, saffron, nuts",https://placehold.co/1200x800?text=Daulat%20Ki%20Chaat,Wikipedia,https://en.wikipedia.org/wiki/Daulat_ki_chaat
Z1-DL-02,Nizamuddin Travel-Friendly Pack Daulat Ki Chaat,Travel-Friendly Pack Winter Milk Foam Dessert,Nizamuddin Travel-Friendly Pack Daulat Ki Chaat,North,Delhi,Nizamuddin,Delhite,NA,NA,National,Veg,everyday,lunch,,Boiled,"milk, cream, sugar, saffron, nuts",https://placehold.co/1200x800?text=Daulat%20Ki%20Chaat,Wikipedia,https://en.wikipedia.org/wiki/Daulat_ki_chaat
Z1-DL-02,Chandni Chowk Rustic Bowl Daulat Ki Chaat,Rustic Bowl Winter Milk Foam Dessert,Chandni Chowk Rustic Bowl Daulat Ki Chaat,North,Delhi,Chandni Chowk,Delhite,NA,NA,National,Veg,everyday,dinner,,Boiled,"milk, cream, sugar, saffron, nuts",https://placehold.co/1200x800?text=Daulat%20Ki%20Chaat,Wikipedia,https://en.wikipedia.org/wiki/Daulat_ki_chaat
Z1-DL-02,Old Delhi Festival Plate Daulat Ki Chaat,Festival Plate Winter Milk Foam Dessert,Old Delhi Festival Plate Daulat Ki Chaat,North,Delhi,Old Delhi,Delhite,NA,NA,National,Veg,occasional,,Prepared during regional festivals and family gatherings.,Boiled,"milk, cream, sugar, saffron, nuts",https://placehold.co/1200x800?text=Daulat%20Ki%20Chaat,Wikipedia,https://en.wikipedia.org/wiki/Daulat_ki_chaat
Z1-DL-02,New Delhi Heritage Platter Daulat Ki Chaat,Heritage Platter Winter Milk Foam Dessert,New Delhi Heritage Platter Daulat Ki Chaat,North,Delhi,New Delhi,Delhite,NA,NA,National,Veg,occasional,,Served as a heritage-style preparation on special occasions.,Boiled,"milk, cream, sugar, saffron, nuts",https://placehold.co/1200x800?text=Daulat%20Ki%20Chaat,Wikipedia,https://en.wikipedia.org/wiki/Daulat_ki_chaat
Z1-DL-02,Nizamuddin Royal Spread Daulat Ki Chaat,Royal Spread Winter Milk Foam Dessert,Nizamuddin Royal Spread Daulat Ki Chaat,North,Delhi,Nizamuddin,Delhite,NA,NA,National,Veg,occasional,,Associated with ceremonial and royal-style meals.,Boiled,"milk, cream, sugar, saffron, nuts",https://placehold.co/1200x800?text=Daulat%20Ki%20Chaat,Wikipedia,https://en.wikipedia.org/wiki/Daulat_ki_chaat
Z1-DL-02,Chandni Chowk Family Feast Daulat Ki Chaat,Family Feast Winter Milk Foam Dessert,Chandni Chowk Family Feast Daulat Ki Chaat,North,Delhi,Chandni Chowk,Delhite,NA,NA,National,Veg,occasional,,Prepared for family celebrations and large community meals.,Boiled,"milk, cream, sugar, saffron, nuts",https://placehold.co/1200x800?text=Daulat%20Ki%20Chaat,Wikipedia,https://en.wikipedia.org/wiki/Daulat_ki_chaat
Z1-DL-02,Old Delhi Courtyard Feast Daulat Ki Chaat,Courtyard Feast Winter Milk Foam Dessert,Old Delhi Courtyard Feast Daulat Ki Chaat,North,Delhi,Old Delhi,Delhite,NA,NA,National,Veg,occasional,,Prepared for courtyard gatherings and festive hosting.,Boiled,"milk, cream, sugar, saffron, nuts",https://placehold.co/1200x800?text=Daulat%20Ki%20Chaat,Wikipedia,https://en.wikipedia.org/wiki/Daulat_ki_chaat
Z1-DL-02,New Delhi Heritage Bowl Daulat Ki Chaat,Heritage Bowl Winter Milk Foam Dessert,New Delhi Heritage Bowl Daulat Ki Chaat,North,Delhi,New Delhi,Delhite,NA,NA,National,Veg,occasional,,An old-style bowl served during commemorative feasts.,Boiled,"milk, cream, sugar, saffron, nuts",https://placehold.co/1200x800?text=Daulat%20Ki%20Chaat,Wikipedia,https://en.wikipedia.org/wiki/Daulat_ki_chaat
Z1-DL-02,Nizamuddin Celebration Tray Daulat Ki Chaat,Celebration Tray Winter Milk Foam Dessert,Nizamuddin Celebration Tray Daulat Ki Chaat,North,Delhi,Nizamuddin,Delhite,NA,NA,National,Veg,occasional,,A celebratory tray served during weddings or major festivals.,Boiled,"milk, cream, sugar, saffron, nuts",https://placehold.co/1200x800?text=Daulat%20Ki%20Chaat,Wikipedia,https://en.wikipedia.org/wiki/Daulat_ki_chaat
Z1-DL-02,Chandni Chowk Evening Snack Daulat Ki Chaat,Evening Snack Winter Milk Foam Dessert,Chandni Chowk Evening Snack Daulat Ki Chaat,North,Delhi,Chandni Chowk,Delhite,NA,NA,National,Veg,everyday,snack,,Boiled,"milk, cream, sugar, saffron, nuts",https://placehold.co/1200x800?text=Daulat%20Ki%20Chaat,Wikipedia,https://en.wikipedia.org/wiki/Daulat_ki_chaat
Z1-DL-02,Old Delhi Lodge Meal Daulat Ki Chaat,Lodge Meal Winter Milk Foam Dessert,Old Delhi Lodge Meal Daulat Ki Chaat,North,Delhi,Old Delhi,Delhite,NA,NA,National,Veg,everyday,dinner,,Boiled,"milk, cream, sugar, saffron, nuts",https://placehold.co/1200x800?text=Daulat%20Ki%20Chaat,Wikipedia,https://en.wikipedia.org/wiki/Daulat_ki_chaat
Z1-DL-02,New Delhi Soft Tiffin Daulat Ki Chaat,Soft Tiffin Winter Milk Foam Dessert,New Delhi Soft Tiffin Daulat Ki Chaat,North,Delhi,New Delhi,Delhite,NA,NA,National,Veg,everyday,lunch,,Boiled,"milk, cream, sugar, saffron, nuts",https://placehold.co/1200x800?text=Daulat%20Ki%20Chaat,Wikipedia,https://en.wikipedia.org/wiki/Daulat_ki_chaat
Z1-DL-02,Nizamuddin Quick Serve Daulat Ki Chaat,Quick Serve Winter Milk Foam Dessert,Nizamuddin Quick Serve Daulat Ki Chaat,North,Delhi,Nizamuddin,Delhite,NA,NA,National,Veg,everyday,breakfast,,Boiled,"milk, cream, sugar, saffron, nuts",https://placehold.co/1200x800?text=Daulat%20Ki%20Chaat,Wikipedia,https://en.wikipedia.org/wiki/Daulat_ki_chaat
Z1-DL-02,Chandni Chowk Courtyard Plate Daulat Ki Chaat,Courtyard Plate Winter Milk Foam Dessert,Chandni Chowk Courtyard Plate Daulat Ki Chaat,North,Delhi,Chandni Chowk,Delhite,NA,NA,National,Veg,everyday,lunch,,Boiled,"milk, cream, sugar, saffron, nuts",https://placehold.co/1200x800?text=Daulat%20Ki%20Chaat,Wikipedia,https://en.wikipedia.org/wiki/Daulat_ki_chaat
Z1-JK-01,Srinagar Home Style Rogan Josh,Home Style Kashmiri Lamb Curry,Srinagar Home Style Rogan Josh,North,Jammu and Kashmir,Srinagar,Kashmiri,NA,NA,Global,Non-Veg,everyday,lunch,,Simmered/Stewed,"mutton, yogurt, fennel, chili, spices",https://placehold.co/1200x800?text=Rogan%20Josh,Wikipedia,https://en.wikipedia.org/wiki/Rogan_josh
Z1-JK-01,Jammu Street Style Rogan Josh,Street Style Kashmiri Lamb Curry,Jammu Street Style Rogan Josh,North,Jammu and Kashmir,Jammu,Kashmiri,NA,NA,Global,Non-Veg,everyday,snack,,Simmered/Stewed,"mutton, yogurt, fennel, chili, spices",https://placehold.co/1200x800?text=Rogan%20Josh,Wikipedia,https://en.wikipedia.org/wiki/Rogan_josh
Z1-JK-01,Anantnag Dhaba Style Rogan Josh,Dhaba Style Kashmiri Lamb Curry,Anantnag Dhaba Style Rogan Josh,North,Jammu and Kashmir,Anantnag,Kashmiri,NA,NA,Global,Non-Veg,everyday,lunch,,Simmered/Stewed,"mutton, yogurt, fennel, chili, spices",https://placehold.co/1200x800?text=Rogan%20Josh,Wikipedia,https://en.wikipedia.org/wiki/Rogan_josh
Z1-JK-01,Baramulla Tawa Style Rogan Josh,Tawa Style Kashmiri Lamb Curry,Baramulla Tawa Style Rogan Josh,North,Jammu and Kashmir,Baramulla,Kashmiri,NA,NA,Global,Non-Veg,everyday,breakfast,,Simmered/Stewed,"mutton, yogurt, fennel, chili, spices",https://placehold.co/1200x800?text=Rogan%20Josh,Wikipedia,https://en.wikipedia.org/wiki/Rogan_josh
Z1-JK-01,Srinagar Tandoor Style Rogan Josh,Tandoor Style Kashmiri Lamb Curry,Srinagar Tandoor Style Rogan Josh,North,Jammu and Kashmir,Srinagar,Kashmiri,NA,NA,Global,Non-Veg,everyday,dinner,,Simmered/Stewed,"mutton, yogurt, fennel, chili, spices",https://placehold.co/1200x800?text=Rogan%20Josh,Wikipedia,https://en.wikipedia.org/wiki/Rogan_josh
Z1-JK-01,Jammu Family Thali Rogan Josh,Family Thali Kashmiri Lamb Curry,Jammu Family Thali Rogan Josh,North,Jammu and Kashmir,Jammu,Kashmiri,NA,NA,Global,Non-Veg,everyday,lunch,,Simmered/Stewed,"mutton, yogurt, fennel, chili, spices",https://placehold.co/1200x800?text=Rogan%20Josh,Wikipedia,https://en.wikipedia.org/wiki/Rogan_josh
Z1-JK-01,Anantnag Weekend Special Rogan Josh,Weekend Special Kashmiri Lamb Curry,Anantnag Weekend Special Rogan Josh,North,Jammu and Kashmir,Anantnag,Kashmiri,NA,NA,Global,Non-Veg,everyday,lunch,,Simmered/Stewed,"mutton, yogurt, fennel, chili, spices",https://placehold.co/1200x800?text=Rogan%20Josh,Wikipedia,https://en.wikipedia.org/wiki/Rogan_josh
Z1-JK-01,Baramulla Village Plate Rogan Josh,Village Plate Kashmiri Lamb Curry,Baramulla Village Plate Rogan Josh,North,Jammu and Kashmir,Baramulla,Kashmiri,NA,NA,Global,Non-Veg,everyday,dinner,,Simmered/Stewed,"mutton, yogurt, fennel, chili, spices",https://placehold.co/1200x800?text=Rogan%20Josh,Wikipedia,https://en.wikipedia.org/wiki/Rogan_josh
Z1-JK-01,Srinagar Packed Lunch Rogan Josh,Packed Lunch Kashmiri Lamb Curry,Srinagar Packed Lunch Rogan Josh,North,Jammu and Kashmir,Srinagar,Kashmiri,NA,NA,Global,Non-Veg,everyday,lunch,,Simmered/Stewed,"mutton, yogurt, fennel, chili, spices",https://placehold.co/1200x800?text=Rogan%20Josh,Wikipedia,https://en.wikipedia.org/wiki/Rogan_josh
Z1-JK-01,Jammu Late-Night Stall Rogan Josh,Late-Night Stall Kashmiri Lamb Curry,Jammu Late-Night Stall Rogan Josh,North,Jammu and Kashmir,Jammu,Kashmiri,NA,NA,Global,Non-Veg,everyday,snack,,Simmered/Stewed,"mutton, yogurt, fennel, chili, spices",https://placehold.co/1200x800?text=Rogan%20Josh,Wikipedia,https://en.wikipedia.org/wiki/Rogan_josh
Z1-JK-01,Anantnag Tea-Time Plate Rogan Josh,Tea-Time Plate Kashmiri Lamb Curry,Anantnag Tea-Time Plate Rogan Josh,North,Jammu and Kashmir,Anantnag,Kashmiri,NA,NA,Global,Non-Veg,everyday,snack,,Simmered/Stewed,"mutton, yogurt, fennel, chili, spices",https://placehold.co/1200x800?text=Rogan%20Josh,Wikipedia,https://en.wikipedia.org/wiki/Rogan_josh
Z1-JK-01,Baramulla Winter Bowl Rogan Josh,Winter Bowl Kashmiri Lamb Curry,Baramulla Winter Bowl Rogan Josh,North,Jammu and Kashmir,Baramulla,Kashmiri,NA,NA,Global,Non-Veg,everyday,dinner,,Simmered/Stewed,"mutton, yogurt, fennel, chili, spices",https://placehold.co/1200x800?text=Rogan%20Josh,Wikipedia,https://en.wikipedia.org/wiki/Rogan_josh
Z1-JK-01,Srinagar Summer Plate Rogan Josh,Summer Plate Kashmiri Lamb Curry,Srinagar Summer Plate Rogan Josh,North,Jammu and Kashmir,Srinagar,Kashmiri,NA,NA,Global,Non-Veg,everyday,lunch,,Simmered/Stewed,"mutton, yogurt, fennel, chili, spices",https://placehold.co/1200x800?text=Rogan%20Josh,Wikipedia,https://en.wikipedia.org/wiki/Rogan_josh
Z1-JK-01,Jammu Smoky Pot Rogan Josh,Smoky Pot Kashmiri Lamb Curry,Jammu Smoky Pot Rogan Josh,North,Jammu and Kashmir,Jammu,Kashmiri,NA,NA,Global,Non-Veg,everyday,dinner,,Simmered/Stewed,"mutton, yogurt, fennel, chili, spices",https://placehold.co/1200x800?text=Rogan%20Josh,Wikipedia,https://en.wikipedia.org/wiki/Rogan_josh
Z1-JK-01,Anantnag Crisp Skillet Rogan Josh,Crisp Skillet Kashmiri Lamb Curry,Anantnag Crisp Skillet Rogan Josh,North,Jammu and Kashmir,Anantnag,Kashmiri,NA,NA,Global,Non-Veg,everyday,snack,,Simmered/Stewed,"mutton, yogurt, fennel, chili, spices",https://placehold.co/1200x800?text=Rogan%20Josh,Wikipedia,https://en.wikipedia.org/wiki/Rogan_josh
Z1-JK-01,Baramulla Millet Bowl Rogan Josh,Millet Bowl Kashmiri Lamb Curry,Baramulla Millet Bowl Rogan Josh,North,Jammu and Kashmir,Baramulla,Kashmiri,NA,NA,Global,Non-Veg,everyday,breakfast,,Simmered/Stewed,"mutton, yogurt, fennel, chili, spices",https://placehold.co/1200x800?text=Rogan%20Josh,Wikipedia,https://en.wikipedia.org/wiki/Rogan_josh
Z1-JK-01,Srinagar Picnic Pack Rogan Josh,Picnic Pack Kashmiri Lamb Curry,Srinagar Picnic Pack Rogan Josh,North,Jammu and Kashmir,Srinagar,Kashmiri,NA,NA,Global,Non-Veg,everyday,lunch,,Simmered/Stewed,"mutton, yogurt, fennel, chili, spices",https://placehold.co/1200x800?text=Rogan%20Josh,Wikipedia,https://en.wikipedia.org/wiki/Rogan_josh
Z1-JK-01,Jammu Monsoon Plate Rogan Josh,Monsoon Plate Kashmiri Lamb Curry,Jammu Monsoon Plate Rogan Josh,North,Jammu and Kashmir,Jammu,Kashmiri,NA,NA,Global,Non-Veg,everyday,snack,,Simmered/Stewed,"mutton, yogurt, fennel, chili, spices",https://placehold.co/1200x800?text=Rogan%20Josh,Wikipedia,https://en.wikipedia.org/wiki/Rogan_josh
Z1-JK-01,Anantnag Copper Pot Version Rogan Josh,Copper Pot Version Kashmiri Lamb Curry,Anantnag Copper Pot Version Rogan Josh,North,Jammu and Kashmir,Anantnag,Kashmiri,NA,NA,Global,Non-Veg,everyday,dinner,,Simmered/Stewed,"mutton, yogurt, fennel, chili, spices",https://placehold.co/1200x800?text=Rogan%20Josh,Wikipedia,https://en.wikipedia.org/wiki/Rogan_josh
Z1-JK-01,Baramulla Earth-Oven Batch Rogan Josh,Earth-Oven Batch Kashmiri Lamb Curry,Baramulla Earth-Oven Batch Rogan Josh,North,Jammu and Kashmir,Baramulla,Kashmiri,NA,NA,Global,Non-Veg,everyday,lunch,,Simmered/Stewed,"mutton, yogurt, fennel, chili, spices",https://placehold.co/1200x800?text=Rogan%20Josh,Wikipedia,https://en.wikipedia.org/wiki/Rogan_josh
Z1-JK-01,Srinagar Comfort Meal Rogan Josh,Comfort Meal Kashmiri Lamb Curry,Srinagar Comfort Meal Rogan Josh,North,Jammu and Kashmir,Srinagar,Kashmiri,NA,NA,Global,Non-Veg,everyday,dinner,,Simmered/Stewed,"mutton, yogurt, fennel, chili, spices",https://placehold.co/1200x800?text=Rogan%20Josh,Wikipedia,https://en.wikipedia.org/wiki/Rogan_josh
Z1-JK-01,Jammu Market Special Rogan Josh,Market Special Kashmiri Lamb Curry,Jammu Market Special Rogan Josh,North,Jammu and Kashmir,Jammu,Kashmiri,NA,NA,Global,Non-Veg,everyday,snack,,Simmered/Stewed,"mutton, yogurt, fennel, chili, spices",https://placehold.co/1200x800?text=Rogan%20Josh,Wikipedia,https://en.wikipedia.org/wiki/Rogan_josh
Z1-JK-01,Anantnag Soft Set Rogan Josh,Soft Set Kashmiri Lamb Curry,Anantnag Soft Set Rogan Josh,North,Jammu and Kashmir,Anantnag,Kashmiri,NA,NA,Global,Non-Veg,everyday,breakfast,,Simmered/Stewed,"mutton, yogurt, fennel, chili, spices",https://placehold.co/1200x800?text=Rogan%20Josh,Wikipedia,https://en.wikipedia.org/wiki/Rogan_josh
Z1-JK-01,Baramulla Flaky Version Rogan Josh,Flaky Version Kashmiri Lamb Curry,Baramulla Flaky Version Rogan Josh,North,Jammu and Kashmir,Baramulla,Kashmiri,NA,NA,Global,Non-Veg,everyday,breakfast,,Simmered/Stewed,"mutton, yogurt, fennel, chili, spices",https://placehold.co/1200x800?text=Rogan%20Josh,Wikipedia,https://en.wikipedia.org/wiki/Rogan_josh
Z1-JK-01,Srinagar Rich Gravy Bowl Rogan Josh,Rich Gravy Bowl Kashmiri Lamb Curry,Srinagar Rich Gravy Bowl Rogan Josh,North,Jammu and Kashmir,Srinagar,Kashmiri,NA,NA,Global,Non-Veg,everyday,dinner,,Simmered/Stewed,"mutton, yogurt, fennel, chili, spices",https://placehold.co/1200x800?text=Rogan%20Josh,Wikipedia,https://en.wikipedia.org/wiki/Rogan_josh
Z1-JK-01,Jammu Travel-Friendly Pack Rogan Josh,Travel-Friendly Pack Kashmiri Lamb Curry,Jammu Travel-Friendly Pack Rogan Josh,North,Jammu and Kashmir,Jammu,Kashmiri,NA,NA,Global,Non-Veg,everyday,lunch,,Simmered/Stewed,"mutton, yogurt, fennel, chili, spices",https://placehold.co/1200x800?text=Rogan%20Josh,Wikipedia,https://en.wikipedia.org/wiki/Rogan_josh
Z1-JK-01,Anantnag Rustic Bowl Rogan Josh,Rustic Bowl Kashmiri Lamb Curry,Anantnag Rustic Bowl Rogan Josh,North,Jammu and Kashmir,Anantnag,Kashmiri,NA,NA,Global,Non-Veg,everyday,dinner,,Simmered/Stewed,"mutton, yogurt, fennel, chili, spices",https://placehold.co/1200x800?text=Rogan%20Josh,Wikipedia,https://en.wikipedia.org/wiki/Rogan_josh
Z1-JK-01,Baramulla Festival Plate Rogan Josh,Festival Plate Kashmiri Lamb Curry,Baramulla Festival Plate Rogan Josh,North,Jammu and Kashmir,Baramulla,Kashmiri,NA,NA,Global,Non-Veg,occasional,,Prepared during regional festivals and family gatherings.,Simmered/Stewed,"mutton, yogurt, fennel, chili, spices",https://placehold.co/1200x800?text=Rogan%20Josh,Wikipedia,https://en.wikipedia.org/wiki/Rogan_josh
Z1-JK-01,Srinagar Heritage Platter Rogan Josh,Heritage Platter Kashmiri Lamb Curry,Srinagar Heritage Platter Rogan Josh,North,Jammu and Kashmir,Srinagar,Kashmiri,NA,NA,Global,Non-Veg,occasional,,Served as a heritage-style preparation on special occasions.,Simmered/Stewed,"mutton, yogurt, fennel, chili, spices",https://placehold.co/1200x800?text=Rogan%20Josh,Wikipedia,https://en.wikipedia.org/wiki/Rogan_josh
Z1-JK-01,Jammu Royal Spread Rogan Josh,Royal Spread Kashmiri Lamb Curry,Jammu Royal Spread Rogan Josh,North,Jammu and Kashmir,Jammu,Kashmiri,NA,NA,Global,Non-Veg,occasional,,Associated with ceremonial and royal-style meals.,Simmered/Stewed,"mutton, yogurt, fennel, chili, spices",https://placehold.co/1200x800?text=Rogan%20Josh,Wikipedia,https://en.wikipedia.org/wiki/Rogan_josh
Z1-JK-01,Anantnag Family Feast Rogan Josh,Family Feast Kashmiri Lamb Curry,Anantnag Family Feast Rogan Josh,North,Jammu and Kashmir,Anantnag,Kashmiri,NA,NA,Global,Non-Veg,occasional,,Prepared for family celebrations and large community meals.,Simmered/Stewed,"mutton, yogurt, fennel, chili, spices",https://placehold.co/1200x800?text=Rogan%20Josh,Wikipedia,https://en.wikipedia.org/wiki/Rogan_josh
Z1-JK-01,Baramulla Courtyard Feast Rogan Josh,Courtyard Feast Kashmiri Lamb Curry,Baramulla Courtyard Feast Rogan Josh,North,Jammu and Kashmir,Baramulla,Kashmiri,NA,NA,Global,Non-Veg,occasional,,Prepared for courtyard gatherings and festive hosting.,Simmered/Stewed,"mutton, yogurt, fennel, chili, spices",https://placehold.co/1200x800?text=Rogan%20Josh,Wikipedia,https://en.wikipedia.org/wiki/Rogan_josh
Z1-JK-01,Srinagar Heritage Bowl Rogan Josh,Heritage Bowl Kashmiri Lamb Curry,Srinagar Heritage Bowl Rogan Josh,North,Jammu and Kashmir,Srinagar,Kashmiri,NA,NA,Global,Non-Veg,occasional,,An old-style bowl served during commemorative feasts.,Simmered/Stewed,"mutton, yogurt, fennel, chili, spices",https://placehold.co/1200x800?text=Rogan%20Josh,Wikipedia,https://en.wikipedia.org/wiki/Rogan_josh
Z1-JK-01,Jammu Celebration Tray Rogan Josh,Celebration Tray Kashmiri Lamb Curry,Jammu Celebration Tray Rogan Josh,North,Jammu and Kashmir,Jammu,Kashmiri,NA,NA,Global,Non-Veg,occasional,,A celebratory tray served during weddings or major festivals.,Simmered/Stewed,"mutton, yogurt, fennel, chili, spices",https://placehold.co/1200x800?text=Rogan%20Josh,Wikipedia,https://en.wikipedia.org/wiki/Rogan_josh
Z1-JK-01,Anantnag Evening Snack Rogan Josh,Evening Snack Kashmiri Lamb Curry,Anantnag Evening Snack Rogan Josh,North,Jammu and Kashmir,Anantnag,Kashmiri,NA,NA,Global,Non-Veg,everyday,snack,,Simmered/Stewed,"mutton, yogurt, fennel, chili, spices",https://placehold.co/1200x800?text=Rogan%20Josh,Wikipedia,https://en.wikipedia.org/wiki/Rogan_josh
Z1-JK-01,Baramulla Lodge Meal Rogan Josh,Lodge Meal Kashmiri Lamb Curry,Baramulla Lodge Meal Rogan Josh,North,Jammu and Kashmir,Baramulla,Kashmiri,NA,NA,Global,Non-Veg,everyday,dinner,,Simmered/Stewed,"mutton, yogurt, fennel, chili, spices",https://placehold.co/1200x800?text=Rogan%20Josh,Wikipedia,https://en.wikipedia.org/wiki/Rogan_josh
Z1-JK-01,Srinagar Soft Tiffin Rogan Josh,Soft Tiffin Kashmiri Lamb Curry,Srinagar Soft Tiffin Rogan Josh,North,Jammu and Kashmir,Srinagar,Kashmiri,NA,NA,Global,Non-Veg,everyday,lunch,,Simmered/Stewed,"mutton, yogurt, fennel, chili, spices",https://placehold.co/1200x800?text=Rogan%20Josh,Wikipedia,https://en.wikipedia.org/wiki/Rogan_josh
Z1-JK-01,Jammu Quick Serve Rogan Josh,Quick Serve Kashmiri Lamb Curry,Jammu Quick Serve Rogan Josh,North,Jammu and Kashmir,Jammu,Kashmiri,NA,NA,Global,Non-Veg,everyday,breakfast,,Simmered/Stewed,"mutton, yogurt, fennel, chili, spices",https://placehold.co/1200x800?text=Rogan%20Josh,Wikipedia,https://en.wikipedia.org/wiki/Rogan_josh
Z1-JK-01,Anantnag Courtyard Plate Rogan Josh,Courtyard Plate Kashmiri Lamb Curry,Anantnag Courtyard Plate Rogan Josh,North,Jammu and Kashmir,Anantnag,Kashmiri,NA,NA,Global,Non-Veg,everyday,lunch,,Simmered/Stewed,"mutton, yogurt, fennel, chili, spices",https://placehold.co/1200x800?text=Rogan%20Josh,Wikipedia,https://en.wikipedia.org/wiki/Rogan_josh
Z1-JK-02,Jammu Home Style Kashmiri Dum Aloo,Home Style Kashmiri Dum Aloo,Jammu Home Style Kashmiri Dum Aloo,North,Jammu and Kashmir,Jammu,Kashmiri,NA,NA,National,Veg,everyday,lunch,,Dum/Braised,"baby potatoes, yogurt, fennel, ginger, chili, spices",https://placehold.co/1200x800?text=Kashmiri%20Dum%20Aloo,Wikipedia,https://en.wikipedia.org/wiki/Dum_aloo
Z1-JK-02,Anantnag Street Style Kashmiri Dum Aloo,Street Style Kashmiri Dum Aloo,Anantnag Street Style Kashmiri Dum Aloo,North,Jammu and Kashmir,Anantnag,Kashmiri,NA,NA,National,Veg,everyday,snack,,Dum/Braised,"baby potatoes, yogurt, fennel, ginger, chili, spices",https://placehold.co/1200x800?text=Kashmiri%20Dum%20Aloo,Wikipedia,https://en.wikipedia.org/wiki/Dum_aloo
Z1-JK-02,Baramulla Dhaba Style Kashmiri Dum Aloo,Dhaba Style Kashmiri Dum Aloo,Baramulla Dhaba Style Kashmiri Dum Aloo,North,Jammu and Kashmir,Baramulla,Kashmiri,NA,NA,National,Veg,everyday,lunch,,Dum/Braised,"baby potatoes, yogurt, fennel, ginger, chili, spices",https://placehold.co/1200x800?text=Kashmiri%20Dum%20Aloo,Wikipedia,https://en.wikipedia.org/wiki/Dum_aloo
Z1-JK-02,Srinagar Tawa Style Kashmiri Dum Aloo,Tawa Style Kashmiri Dum Aloo,Srinagar Tawa Style Kashmiri Dum Aloo,North,Jammu and Kashmir,Srinagar,Kashmiri,NA,NA,National,Veg,everyday,breakfast,,Dum/Braised,"baby potatoes, yogurt, fennel, ginger, chili, spices",https://placehold.co/1200x800?text=Kashmiri%20Dum%20Aloo,Wikipedia,https://en.wikipedia.org/wiki/Dum_aloo
Z1-JK-02,Jammu Tandoor Style Kashmiri Dum Aloo,Tandoor Style Kashmiri Dum Aloo,Jammu Tandoor Style Kashmiri Dum Aloo,North,Jammu and Kashmir,Jammu,Kashmiri,NA,NA,National,Veg,everyday,dinner,,Dum/Braised,"baby potatoes, yogurt, fennel, ginger, chili, spices",https://placehold.co/1200x800?text=Kashmiri%20Dum%20Aloo,Wikipedia,https://en.wikipedia.org/wiki/Dum_aloo
Z1-JK-02,Anantnag Family Thali Kashmiri Dum Aloo,Family Thali Kashmiri Dum Aloo,Anantnag Family Thali Kashmiri Dum Aloo,North,Jammu and Kashmir,Anantnag,Kashmiri,NA,NA,National,Veg,everyday,lunch,,Dum/Braised,"baby potatoes, yogurt, fennel, ginger, chili, spices",https://placehold.co/1200x800?text=Kashmiri%20Dum%20Aloo,Wikipedia,https://en.wikipedia.org/wiki/Dum_aloo
Z1-JK-02,Baramulla Weekend Special Kashmiri Dum Aloo,Weekend Special Kashmiri Dum Aloo,Baramulla Weekend Special Kashmiri Dum Aloo,North,Jammu and Kashmir,Baramulla,Kashmiri,NA,NA,National,Veg,everyday,lunch,,Dum/Braised,"baby potatoes, yogurt, fennel, ginger, chili, spices",https://placehold.co/1200x800?text=Kashmiri%20Dum%20Aloo,Wikipedia,https://en.wikipedia.org/wiki/Dum_aloo
Z1-JK-02,Srinagar Village Plate Kashmiri Dum Aloo,Village Plate Kashmiri Dum Aloo,Srinagar Village Plate Kashmiri Dum Aloo,North,Jammu and Kashmir,Srinagar,Kashmiri,NA,NA,National,Veg,everyday,dinner,,Dum/Braised,"baby potatoes, yogurt, fennel, ginger, chili, spices",https://placehold.co/1200x800?text=Kashmiri%20Dum%20Aloo,Wikipedia,https://en.wikipedia.org/wiki/Dum_aloo
Z1-JK-02,Jammu Packed Lunch Kashmiri Dum Aloo,Packed Lunch Kashmiri Dum Aloo,Jammu Packed Lunch Kashmiri Dum Aloo,North,Jammu and Kashmir,Jammu,Kashmiri,NA,NA,National,Veg,everyday,lunch,,Dum/Braised,"baby potatoes, yogurt, fennel, ginger, chili, spices",https://placehold.co/1200x800?text=Kashmiri%20Dum%20Aloo,Wikipedia,https://en.wikipedia.org/wiki/Dum_aloo
Z1-JK-02,Anantnag Late-Night Stall Kashmiri Dum Aloo,Late-Night Stall Kashmiri Dum Aloo,Anantnag Late-Night Stall Kashmiri Dum Aloo,North,Jammu and Kashmir,Anantnag,Kashmiri,NA,NA,National,Veg,everyday,snack,,Dum/Braised,"baby potatoes, yogurt, fennel, ginger, chili, spices",https://placehold.co/1200x800?text=Kashmiri%20Dum%20Aloo,Wikipedia,https://en.wikipedia.org/wiki/Dum_aloo
Z1-JK-02,Baramulla Tea-Time Plate Kashmiri Dum Aloo,Tea-Time Plate Kashmiri Dum Aloo,Baramulla Tea-Time Plate Kashmiri Dum Aloo,North,Jammu and Kashmir,Baramulla,Kashmiri,NA,NA,National,Veg,everyday,snack,,Dum/Braised,"baby potatoes, yogurt, fennel, ginger, chili, spices",https://placehold.co/1200x800?text=Kashmiri%20Dum%20Aloo,Wikipedia,https://en.wikipedia.org/wiki/Dum_aloo
Z1-JK-02,Srinagar Winter Bowl Kashmiri Dum Aloo,Winter Bowl Kashmiri Dum Aloo,Srinagar Winter Bowl Kashmiri Dum Aloo,North,Jammu and Kashmir,Srinagar,Kashmiri,NA,NA,National,Veg,everyday,dinner,,Dum/Braised,"baby potatoes, yogurt, fennel, ginger, chili, spices",https://placehold.co/1200x800?text=Kashmiri%20Dum%20Aloo,Wikipedia,https://en.wikipedia.org/wiki/Dum_aloo
Z1-JK-02,Jammu Summer Plate Kashmiri Dum Aloo,Summer Plate Kashmiri Dum Aloo,Jammu Summer Plate Kashmiri Dum Aloo,North,Jammu and Kashmir,Jammu,Kashmiri,NA,NA,National,Veg,everyday,lunch,,Dum/Braised,"baby potatoes, yogurt, fennel, ginger, chili, spices",https://placehold.co/1200x800?text=Kashmiri%20Dum%20Aloo,Wikipedia,https://en.wikipedia.org/wiki/Dum_aloo
Z1-JK-02,Anantnag Smoky Pot Kashmiri Dum Aloo,Smoky Pot Kashmiri Dum Aloo,Anantnag Smoky Pot Kashmiri Dum Aloo,North,Jammu and Kashmir,Anantnag,Kashmiri,NA,NA,National,Veg,everyday,dinner,,Dum/Braised,"baby potatoes, yogurt, fennel, ginger, chili, spices",https://placehold.co/1200x800?text=Kashmiri%20Dum%20Aloo,Wikipedia,https://en.wikipedia.org/wiki/Dum_aloo
Z1-JK-02,Baramulla Crisp Skillet Kashmiri Dum Aloo,Crisp Skillet Kashmiri Dum Aloo,Baramulla Crisp Skillet Kashmiri Dum Aloo,North,Jammu and Kashmir,Baramulla,Kashmiri,NA,NA,National,Veg,everyday,snack,,Dum/Braised,"baby potatoes, yogurt, fennel, ginger, chili, spices",https://placehold.co/1200x800?text=Kashmiri%20Dum%20Aloo,Wikipedia,https://en.wikipedia.org/wiki/Dum_aloo
Z1-JK-02,Srinagar Millet Bowl Kashmiri Dum Aloo,Millet Bowl Kashmiri Dum Aloo,Srinagar Millet Bowl Kashmiri Dum Aloo,North,Jammu and Kashmir,Srinagar,Kashmiri,NA,NA,National,Veg,everyday,breakfast,,Dum/Braised,"baby potatoes, yogurt, fennel, ginger, chili, spices",https://placehold.co/1200x800?text=Kashmiri%20Dum%20Aloo,Wikipedia,https://en.wikipedia.org/wiki/Dum_aloo
Z1-JK-02,Jammu Picnic Pack Kashmiri Dum Aloo,Picnic Pack Kashmiri Dum Aloo,Jammu Picnic Pack Kashmiri Dum Aloo,North,Jammu and Kashmir,Jammu,Kashmiri,NA,NA,National,Veg,everyday,lunch,,Dum/Braised,"baby potatoes, yogurt, fennel, ginger, chili, spices",https://placehold.co/1200x800?text=Kashmiri%20Dum%20Aloo,Wikipedia,https://en.wikipedia.org/wiki/Dum_aloo
Z1-JK-02,Anantnag Monsoon Plate Kashmiri Dum Aloo,Monsoon Plate Kashmiri Dum Aloo,Anantnag Monsoon Plate Kashmiri Dum Aloo,North,Jammu and Kashmir,Anantnag,Kashmiri,NA,NA,National,Veg,everyday,snack,,Dum/Braised,"baby potatoes, yogurt, fennel, ginger, chili, spices",https://placehold.co/1200x800?text=Kashmiri%20Dum%20Aloo,Wikipedia,https://en.wikipedia.org/wiki/Dum_aloo
Z1-JK-02,Baramulla Copper Pot Version Kashmiri Dum Aloo,Copper Pot Version Kashmiri Dum Aloo,Baramulla Copper Pot Version Kashmiri Dum Aloo,North,Jammu and Kashmir,Baramulla,Kashmiri,NA,NA,National,Veg,everyday,dinner,,Dum/Braised,"baby potatoes, yogurt, fennel, ginger, chili, spices",https://placehold.co/1200x800?text=Kashmiri%20Dum%20Aloo,Wikipedia,https://en.wikipedia.org/wiki/Dum_aloo
Z1-JK-02,Srinagar Earth-Oven Batch Kashmiri Dum Aloo,Earth-Oven Batch Kashmiri Dum Aloo,Srinagar Earth-Oven Batch Kashmiri Dum Aloo,North,Jammu and Kashmir,Srinagar,Kashmiri,NA,NA,National,Veg,everyday,lunch,,Dum/Braised,"baby potatoes, yogurt, fennel, ginger, chili, spices",https://placehold.co/1200x800?text=Kashmiri%20Dum%20Aloo,Wikipedia,https://en.wikipedia.org/wiki/Dum_aloo
Z1-JK-02,Jammu Comfort Meal Kashmiri Dum Aloo,Comfort Meal Kashmiri Dum Aloo,Jammu Comfort Meal Kashmiri Dum Aloo,North,Jammu and Kashmir,Jammu,Kashmiri,NA,NA,National,Veg,everyday,dinner,,Dum/Braised,"baby potatoes, yogurt, fennel, ginger, chili, spices",https://placehold.co/1200x800?text=Kashmiri%20Dum%20Aloo,Wikipedia,https://en.wikipedia.org/wiki/Dum_aloo
Z1-JK-02,Anantnag Market Special Kashmiri Dum Aloo,Market Special Kashmiri Dum Aloo,Anantnag Market Special Kashmiri Dum Aloo,North,Jammu and Kashmir,Anantnag,Kashmiri,NA,NA,National,Veg,everyday,snack,,Dum/Braised,"baby potatoes, yogurt, fennel, ginger, chili, spices",https://placehold.co/1200x800?text=Kashmiri%20Dum%20Aloo,Wikipedia,https://en.wikipedia.org/wiki/Dum_aloo
Z1-JK-02,Baramulla Soft Set Kashmiri Dum Aloo,Soft Set Kashmiri Dum Aloo,Baramulla Soft Set Kashmiri Dum Aloo,North,Jammu and Kashmir,Baramulla,Kashmiri,NA,NA,National,Veg,everyday,breakfast,,Dum/Braised,"baby potatoes, yogurt, fennel, ginger, chili, spices",https://placehold.co/1200x800?text=Kashmiri%20Dum%20Aloo,Wikipedia,https://en.wikipedia.org/wiki/Dum_aloo
Z1-JK-02,Srinagar Flaky Version Kashmiri Dum Aloo,Flaky Version Kashmiri Dum Aloo,Srinagar Flaky Version Kashmiri Dum Aloo,North,Jammu and Kashmir,Srinagar,Kashmiri,NA,NA,National,Veg,everyday,breakfast,,Dum/Braised,"baby potatoes, yogurt, fennel, ginger, chili, spices",https://placehold.co/1200x800?text=Kashmiri%20Dum%20Aloo,Wikipedia,https://en.wikipedia.org/wiki/Dum_aloo
Z1-JK-02,Jammu Rich Gravy Bowl Kashmiri Dum Aloo,Rich Gravy Bowl Kashmiri Dum Aloo,Jammu Rich Gravy Bowl Kashmiri Dum Aloo,North,Jammu and Kashmir,Jammu,Kashmiri,NA,NA,National,Veg,everyday,dinner,,Dum/Braised,"baby potatoes, yogurt, fennel, ginger, chili, spices",https://placehold.co/1200x800?text=Kashmiri%20Dum%20Aloo,Wikipedia,https://en.wikipedia.org/wiki/Dum_aloo
Z1-JK-02,Anantnag Travel-Friendly Pack Kashmiri Dum Aloo,Travel-Friendly Pack Kashmiri Dum Aloo,Anantnag Travel-Friendly Pack Kashmiri Dum Aloo,North,Jammu and Kashmir,Anantnag,Kashmiri,NA,NA,National,Veg,everyday,lunch,,Dum/Braised,"baby potatoes, yogurt, fennel, ginger, chili, spices",https://placehold.co/1200x800?text=Kashmiri%20Dum%20Aloo,Wikipedia,https://en.wikipedia.org/wiki/Dum_aloo
Z1-JK-02,Baramulla Rustic Bowl Kashmiri Dum Aloo,Rustic Bowl Kashmiri Dum Aloo,Baramulla Rustic Bowl Kashmiri Dum Aloo,North,Jammu and Kashmir,Baramulla,Kashmiri,NA,NA,National,Veg,everyday,dinner,,Dum/Braised,"baby potatoes, yogurt, fennel, ginger, chili, spices",https://placehold.co/1200x800?text=Kashmiri%20Dum%20Aloo,Wikipedia,https://en.wikipedia.org/wiki/Dum_aloo
Z1-JK-02,Srinagar Festival Plate Kashmiri Dum Aloo,Festival Plate Kashmiri Dum Aloo,Srinagar Festival Plate Kashmiri Dum Aloo,North,Jammu and Kashmir,Srinagar,Kashmiri,NA,NA,National,Veg,occasional,,Prepared during regional festivals and family gatherings.,Dum/Braised,"baby potatoes, yogurt, fennel, ginger, chili, spices",https://placehold.co/1200x800?text=Kashmiri%20Dum%20Aloo,Wikipedia,https://en.wikipedia.org/wiki/Dum_aloo
Z1-JK-02,Jammu Heritage Platter Kashmiri Dum Aloo,Heritage Platter Kashmiri Dum Aloo,Jammu Heritage Platter Kashmiri Dum Aloo,North,Jammu and Kashmir,Jammu,Kashmiri,NA,NA,National,Veg,occasional,,Served as a heritage-style preparation on special occasions.,Dum/Braised,"baby potatoes, yogurt, fennel, ginger, chili, spices",https://placehold.co/1200x800?text=Kashmiri%20Dum%20Aloo,Wikipedia,https://en.wikipedia.org/wiki/Dum_aloo
Z1-JK-02,Anantnag Royal Spread Kashmiri Dum Aloo,Royal Spread Kashmiri Dum Aloo,Anantnag Royal Spread Kashmiri Dum Aloo,North,Jammu and Kashmir,Anantnag,Kashmiri,NA,NA,National,Veg,occasional,,Associated with ceremonial and royal-style meals.,Dum/Braised,"baby potatoes, yogurt, fennel, ginger, chili, spices",https://placehold.co/1200x800?text=Kashmiri%20Dum%20Aloo,Wikipedia,https://en.wikipedia.org/wiki/Dum_aloo
Z1-JK-02,Baramulla Family Feast Kashmiri Dum Aloo,Family Feast Kashmiri Dum Aloo,Baramulla Family Feast Kashmiri Dum Aloo,North,Jammu and Kashmir,Baramulla,Kashmiri,NA,NA,National,Veg,occasional,,Prepared for family celebrations and large community meals.,Dum/Braised,"baby potatoes, yogurt, fennel, ginger, chili, spices",https://placehold.co/1200x800?text=Kashmiri%20Dum%20Aloo,Wikipedia,https://en.wikipedia.org/wiki/Dum_aloo
Z1-JK-02,Srinagar Courtyard Feast Kashmiri Dum Aloo,Courtyard Feast Kashmiri Dum Aloo,Srinagar Courtyard Feast Kashmiri Dum Aloo,North,Jammu and Kashmir,Srinagar,Kashmiri,NA,NA,National,Veg,occasional,,Prepared for courtyard gatherings and festive hosting.,Dum/Braised,"baby potatoes, yogurt, fennel, ginger, chili, spices",https://placehold.co/1200x800?text=Kashmiri%20Dum%20Aloo,Wikipedia,https://en.wikipedia.org/wiki/Dum_aloo
Z1-JK-02,Jammu Heritage Bowl Kashmiri Dum Aloo,Heritage Bowl Kashmiri Dum Aloo,Jammu Heritage Bowl Kashmiri Dum Aloo,North,Jammu and Kashmir,Jammu,Kashmiri,NA,NA,National,Veg,occasional,,An old-style bowl served during commemorative feasts.,Dum/Braised,"baby potatoes, yogurt, fennel, ginger, chili, spices",https://placehold.co/1200x800?text=Kashmiri%20Dum%20Aloo,Wikipedia,https://en.wikipedia.org/wiki/Dum_aloo
Z1-JK-02,Anantnag Celebration Tray Kashmiri Dum Aloo,Celebration Tray Kashmiri Dum Aloo,Anantnag Celebration Tray Kashmiri Dum Aloo,North,Jammu and Kashmir,Anantnag,Kashmiri,NA,NA,National,Veg,occasional,,A celebratory tray served during weddings or major festivals.,Dum/Braised,"baby potatoes, yogurt, fennel, ginger, chili, spices",https://placehold.co/1200x800?text=Kashmiri%20Dum%20Aloo,Wikipedia,https://en.wikipedia.org/wiki/Dum_aloo
Z1-JK-02,Baramulla Evening Snack Kashmiri Dum Aloo,Evening Snack Kashmiri Dum Aloo,Baramulla Evening Snack Kashmiri Dum Aloo,North,Jammu and Kashmir,Baramulla,Kashmiri,NA,NA,National,Veg,everyday,snack,,Dum/Braised,"baby potatoes, yogurt, fennel, ginger, chili, spices",https://placehold.co/1200x800?text=Kashmiri%20Dum%20Aloo,Wikipedia,https://en.wikipedia.org/wiki/Dum_aloo
Z1-JK-02,Srinagar Lodge Meal Kashmiri Dum Aloo,Lodge Meal Kashmiri Dum Aloo,Srinagar Lodge Meal Kashmiri Dum Aloo,North,Jammu and Kashmir,Srinagar,Kashmiri,NA,NA,National,Veg,everyday,dinner,,Dum/Braised,"baby potatoes, yogurt, fennel, ginger, chili, spices",https://placehold.co/1200x800?text=Kashmiri%20Dum%20Aloo,Wikipedia,https://en.wikipedia.org/wiki/Dum_aloo
Z1-JK-02,Jammu Soft Tiffin Kashmiri Dum Aloo,Soft Tiffin Kashmiri Dum Aloo,Jammu Soft Tiffin Kashmiri Dum Aloo,North,Jammu and Kashmir,Jammu,Kashmiri,NA,NA,National,Veg,everyday,lunch,,Dum/Braised,"baby potatoes, yogurt, fennel, ginger, chili, spices",https://placehold.co/1200x800?text=Kashmiri%20Dum%20Aloo,Wikipedia,https://en.wikipedia.org/wiki/Dum_aloo
Z1-JK-02,Anantnag Quick Serve Kashmiri Dum Aloo,Quick Serve Kashmiri Dum Aloo,Anantnag Quick Serve Kashmiri Dum Aloo,North,Jammu and Kashmir,Anantnag,Kashmiri,NA,NA,National,Veg,everyday,breakfast,,Dum/Braised,"baby potatoes, yogurt, fennel, ginger, chili, spices",https://placehold.co/1200x800?text=Kashmiri%20Dum%20Aloo,Wikipedia,https://en.wikipedia.org/wiki/Dum_aloo
Z1-JK-02,Baramulla Courtyard Plate Kashmiri Dum Aloo,Courtyard Plate Kashmiri Dum Aloo,Baramulla Courtyard Plate Kashmiri Dum Aloo,North,Jammu and Kashmir,Baramulla,Kashmiri,NA,NA,National,Veg,everyday,lunch,,Dum/Braised,"baby potatoes, yogurt, fennel, ginger, chili, spices",https://placehold.co/1200x800?text=Kashmiri%20Dum%20Aloo,Wikipedia,https://en.wikipedia.org/wiki/Dum_aloo
Z1-LD-01,Leh Home Style Skyu,Home Style Ladakhi Pasta Stew,Leh Home Style Skyu,North,Ladakh,Leh,Ladakhi,NA,NA,National,Veg,everyday,lunch,,Boiled,"wheat flour, vegetables, potatoes, ghee, spices",https://placehold.co/1200x800?text=Skyu,Wikipedia,https://en.wikipedia.org/wiki/Skyu
Z1-LD-01,Kargil Street Style Skyu,Street Style Ladakhi Pasta Stew,Kargil Street Style Skyu,North,Ladakh,Kargil,Ladakhi,NA,NA,National,Veg,everyday,snack,,Boiled,"wheat flour, vegetables, potatoes, ghee, spices",https://placehold.co/1200x800?text=Skyu,Wikipedia,https://en.wikipedia.org/wiki/Skyu
Z1-LD-01,Nubra Dhaba Style Skyu,Dhaba Style Ladakhi Pasta Stew,Nubra Dhaba Style Skyu,North,Ladakh,Nubra,Ladakhi,NA,NA,National,Veg,everyday,lunch,,Boiled,"wheat flour, vegetables, potatoes, ghee, spices",https://placehold.co/1200x800?text=Skyu,Wikipedia,https://en.wikipedia.org/wiki/Skyu
Z1-LD-01,Zanskar Tawa Style Skyu,Tawa Style Ladakhi Pasta Stew,Zanskar Tawa Style Skyu,North,Ladakh,Zanskar,Ladakhi,NA,NA,National,Veg,everyday,breakfast,,Boiled,"wheat flour, vegetables, potatoes, ghee, spices",https://placehold.co/1200x800?text=Skyu,Wikipedia,https://en.wikipedia.org/wiki/Skyu
Z1-LD-01,Leh Tandoor Style Skyu,Tandoor Style Ladakhi Pasta Stew,Leh Tandoor Style Skyu,North,Ladakh,Leh,Ladakhi,NA,NA,National,Veg,everyday,dinner,,Boiled,"wheat flour, vegetables, potatoes, ghee, spices",https://placehold.co/1200x800?text=Skyu,Wikipedia,https://en.wikipedia.org/wiki/Skyu
Z1-LD-01,Kargil Family Thali Skyu,Family Thali Ladakhi Pasta Stew,Kargil Family Thali Skyu,North,Ladakh,Kargil,Ladakhi,NA,NA,National,Veg,everyday,lunch,,Boiled,"wheat flour, vegetables, potatoes, ghee, spices",https://placehold.co/1200x800?text=Skyu,Wikipedia,https://en.wikipedia.org/wiki/Skyu
Z1-LD-01,Nubra Weekend Special Skyu,Weekend Special Ladakhi Pasta Stew,Nubra Weekend Special Skyu,North,Ladakh,Nubra,Ladakhi,NA,NA,National,Veg,everyday,lunch,,Boiled,"wheat flour, vegetables, potatoes, ghee, spices",https://placehold.co/1200x800?text=Skyu,Wikipedia,https://en.wikipedia.org/wiki/Skyu
Z1-LD-01,Zanskar Village Plate Skyu,Village Plate Ladakhi Pasta Stew,Zanskar Village Plate Skyu,North,Ladakh,Zanskar,Ladakhi,NA,NA,National,Veg,everyday,dinner,,Boiled,"wheat flour, vegetables, potatoes, ghee, spices",https://placehold.co/1200x800?text=Skyu,Wikipedia,https://en.wikipedia.org/wiki/Skyu
Z1-LD-01,Leh Packed Lunch Skyu,Packed Lunch Ladakhi Pasta Stew,Leh Packed Lunch Skyu,North,Ladakh,Leh,Ladakhi,NA,NA,National,Veg,everyday,lunch,,Boiled,"wheat flour, vegetables, potatoes, ghee, spices",https://placehold.co/1200x800?text=Skyu,Wikipedia,https://en.wikipedia.org/wiki/Skyu
Z1-LD-01,Kargil Late-Night Stall Skyu,Late-Night Stall Ladakhi Pasta Stew,Kargil Late-Night Stall Skyu,North,Ladakh,Kargil,Ladakhi,NA,NA,National,Veg,everyday,snack,,Boiled,"wheat flour, vegetables, potatoes, ghee, spices",https://placehold.co/1200x800?text=Skyu,Wikipedia,https://en.wikipedia.org/wiki/Skyu
Z1-LD-01,Nubra Tea-Time Plate Skyu,Tea-Time Plate Ladakhi Pasta Stew,Nubra Tea-Time Plate Skyu,North,Ladakh,Nubra,Ladakhi,NA,NA,National,Veg,everyday,snack,,Boiled,"wheat flour, vegetables, potatoes, ghee, spices",https://placehold.co/1200x800?text=Skyu,Wikipedia,https://en.wikipedia.org/wiki/Skyu
Z1-LD-01,Zanskar Winter Bowl Skyu,Winter Bowl Ladakhi Pasta Stew,Zanskar Winter Bowl Skyu,North,Ladakh,Zanskar,Ladakhi,NA,NA,National,Veg,everyday,dinner,,Boiled,"wheat flour, vegetables, potatoes, ghee, spices",https://placehold.co/1200x800?text=Skyu,Wikipedia,https://en.wikipedia.org/wiki/Skyu
Z1-LD-01,Leh Summer Plate Skyu,Summer Plate Ladakhi Pasta Stew,Leh Summer Plate Skyu,North,Ladakh,Leh,Ladakhi,NA,NA,National,Veg,everyday,lunch,,Boiled,"wheat flour, vegetables, potatoes, ghee, spices",https://placehold.co/1200x800?text=Skyu,Wikipedia,https://en.wikipedia.org/wiki/Skyu
Z1-LD-01,Kargil Smoky Pot Skyu,Smoky Pot Ladakhi Pasta Stew,Kargil Smoky Pot Skyu,North,Ladakh,Kargil,Ladakhi,NA,NA,National,Veg,everyday,dinner,,Boiled,"wheat flour, vegetables, potatoes, ghee, spices",https://placehold.co/1200x800?text=Skyu,Wikipedia,https://en.wikipedia.org/wiki/Skyu
Z1-LD-01,Nubra Crisp Skillet Skyu,Crisp Skillet Ladakhi Pasta Stew,Nubra Crisp Skillet Skyu,North,Ladakh,Nubra,Ladakhi,NA,NA,National,Veg,everyday,snack,,Boiled,"wheat flour, vegetables, potatoes, ghee, spices",https://placehold.co/1200x800?text=Skyu,Wikipedia,https://en.wikipedia.org/wiki/Skyu
Z1-LD-01,Zanskar Millet Bowl Skyu,Millet Bowl Ladakhi Pasta Stew,Zanskar Millet Bowl Skyu,North,Ladakh,Zanskar,Ladakhi,NA,NA,National,Veg,everyday,breakfast,,Boiled,"wheat flour, vegetables, potatoes, ghee, spices",https://placehold.co/1200x800?text=Skyu,Wikipedia,https://en.wikipedia.org/wiki/Skyu
Z1-LD-01,Leh Picnic Pack Skyu,Picnic Pack Ladakhi Pasta Stew,Leh Picnic Pack Skyu,North,Ladakh,Leh,Ladakhi,NA,NA,National,Veg,everyday,lunch,,Boiled,"wheat flour, vegetables, potatoes, ghee, spices",https://placehold.co/1200x800?text=Skyu,Wikipedia,https://en.wikipedia.org/wiki/Skyu
Z1-LD-01,Kargil Monsoon Plate Skyu,Monsoon Plate Ladakhi Pasta Stew,Kargil Monsoon Plate Skyu,North,Ladakh,Kargil,Ladakhi,NA,NA,National,Veg,everyday,snack,,Boiled,"wheat flour, vegetables, potatoes, ghee, spices",https://placehold.co/1200x800?text=Skyu,Wikipedia,https://en.wikipedia.org/wiki/Skyu
Z1-LD-01,Nubra Copper Pot Version Skyu,Copper Pot Version Ladakhi Pasta Stew,Nubra Copper Pot Version Skyu,North,Ladakh,Nubra,Ladakhi,NA,NA,National,Veg,everyday,dinner,,Boiled,"wheat flour, vegetables, potatoes, ghee, spices",https://placehold.co/1200x800?text=Skyu,Wikipedia,https://en.wikipedia.org/wiki/Skyu
Z1-LD-01,Zanskar Earth-Oven Batch Skyu,Earth-Oven Batch Ladakhi Pasta Stew,Zanskar Earth-Oven Batch Skyu,North,Ladakh,Zanskar,Ladakhi,NA,NA,National,Veg,everyday,lunch,,Boiled,"wheat flour, vegetables, potatoes, ghee, spices",https://placehold.co/1200x800?text=Skyu,Wikipedia,https://en.wikipedia.org/wiki/Skyu
Z1-LD-01,Leh Comfort Meal Skyu,Comfort Meal Ladakhi Pasta Stew,Leh Comfort Meal Skyu,North,Ladakh,Leh,Ladakhi,NA,NA,National,Veg,everyday,dinner,,Boiled,"wheat flour, vegetables, potatoes, ghee, spices",https://placehold.co/1200x800?text=Skyu,Wikipedia,https://en.wikipedia.org/wiki/Skyu
Z1-LD-01,Kargil Market Special Skyu,Market Special Ladakhi Pasta Stew,Kargil Market Special Skyu,North,Ladakh,Kargil,Ladakhi,NA,NA,National,Veg,everyday,snack,,Boiled,"wheat flour, vegetables, potatoes, ghee, spices",https://placehold.co/1200x800?text=Skyu,Wikipedia,https://en.wikipedia.org/wiki/Skyu
Z1-LD-01,Nubra Soft Set Skyu,Soft Set Ladakhi Pasta Stew,Nubra Soft Set Skyu,North,Ladakh,Nubra,Ladakhi,NA,NA,National,Veg,everyday,breakfast,,Boiled,"wheat flour, vegetables, potatoes, ghee, spices",https://placehold.co/1200x800?text=Skyu,Wikipedia,https://en.wikipedia.org/wiki/Skyu
Z1-LD-01,Zanskar Flaky Version Skyu,Flaky Version Ladakhi Pasta Stew,Zanskar Flaky Version Skyu,North,Ladakh,Zanskar,Ladakhi,NA,NA,National,Veg,everyday,breakfast,,Boiled,"wheat flour, vegetables, potatoes, ghee, spices",https://placehold.co/1200x800?text=Skyu,Wikipedia,https://en.wikipedia.org/wiki/Skyu
Z1-LD-01,Leh Rich Gravy Bowl Skyu,Rich Gravy Bowl Ladakhi Pasta Stew,Leh Rich Gravy Bowl Skyu,North,Ladakh,Leh,Ladakhi,NA,NA,National,Veg,everyday,dinner,,Boiled,"wheat flour, vegetables, potatoes, ghee, spices",https://placehold.co/1200x800?text=Skyu,Wikipedia,https://en.wikipedia.org/wiki/Skyu
Z1-LD-01,Kargil Travel-Friendly Pack Skyu,Travel-Friendly Pack Ladakhi Pasta Stew,Kargil Travel-Friendly Pack Skyu,North,Ladakh,Kargil,Ladakhi,NA,NA,National,Veg,everyday,lunch,,Boiled,"wheat flour, vegetables, potatoes, ghee, spices",https://placehold.co/1200x800?text=Skyu,Wikipedia,https://en.wikipedia.org/wiki/Skyu
Z1-LD-01,Nubra Rustic Bowl Skyu,Rustic Bowl Ladakhi Pasta Stew,Nubra Rustic Bowl Skyu,North,Ladakh,Nubra,Ladakhi,NA,NA,National,Veg,everyday,dinner,,Boiled,"wheat flour, vegetables, potatoes, ghee, spices",https://placehold.co/1200x800?text=Skyu,Wikipedia,https://en.wikipedia.org/wiki/Skyu
Z1-LD-01,Zanskar Festival Plate Skyu,Festival Plate Ladakhi Pasta Stew,Zanskar Festival Plate Skyu,North,Ladakh,Zanskar,Ladakhi,NA,NA,National,Veg,occasional,,Prepared during regional festivals and family gatherings.,Boiled,"wheat flour, vegetables, potatoes, ghee, spices",https://placehold.co/1200x800?text=Skyu,Wikipedia,https://en.wikipedia.org/wiki/Skyu
Z1-LD-01,Leh Heritage Platter Skyu,Heritage Platter Ladakhi Pasta Stew,Leh Heritage Platter Skyu,North,Ladakh,Leh,Ladakhi,NA,NA,National,Veg,occasional,,Served as a heritage-style preparation on special occasions.,Boiled,"wheat flour, vegetables, potatoes, ghee, spices",https://placehold.co/1200x800?text=Skyu,Wikipedia,https://en.wikipedia.org/wiki/Skyu
Z1-LD-01,Kargil Royal Spread Skyu,Royal Spread Ladakhi Pasta Stew,Kargil Royal Spread Skyu,North,Ladakh,Kargil,Ladakhi,NA,NA,National,Veg,occasional,,Associated with ceremonial and royal-style meals.,Boiled,"wheat flour, vegetables, potatoes, ghee, spices",https://placehold.co/1200x800?text=Skyu,Wikipedia,https://en.wikipedia.org/wiki/Skyu
Z1-LD-01,Nubra Family Feast Skyu,Family Feast Ladakhi Pasta Stew,Nubra Family Feast Skyu,North,Ladakh,Nubra,Ladakhi,NA,NA,National,Veg,occasional,,Prepared for family celebrations and large community meals.,Boiled,"wheat flour, vegetables, potatoes, ghee, spices",https://placehold.co/1200x800?text=Skyu,Wikipedia,https://en.wikipedia.org/wiki/Skyu
Z1-LD-01,Zanskar Courtyard Feast Skyu,Courtyard Feast Ladakhi Pasta Stew,Zanskar Courtyard Feast Skyu,North,Ladakh,Zanskar,Ladakhi,NA,NA,National,Veg,occasional,,Prepared for courtyard gatherings and festive hosting.,Boiled,"wheat flour, vegetables, potatoes, ghee, spices",https://placehold.co/1200x800?text=Skyu,Wikipedia,https://en.wikipedia.org/wiki/Skyu
Z1-LD-01,Leh Heritage Bowl Skyu,Heritage Bowl Ladakhi Pasta Stew,Leh Heritage Bowl Skyu,North,Ladakh,Leh,Ladakhi,NA,NA,National,Veg,occasional,,An old-style bowl served during commemorative feasts.,Boiled,"wheat flour, vegetables, potatoes, ghee, spices",https://placehold.co/1200x800?text=Skyu,Wikipedia,https://en.wikipedia.org/wiki/Skyu
Z1-LD-01,Kargil Celebration Tray Skyu,Celebration Tray Ladakhi Pasta Stew,Kargil Celebration Tray Skyu,North,Ladakh,Kargil,Ladakhi,NA,NA,National,Veg,occasional,,A celebratory tray served during weddings or major festivals.,Boiled,"wheat flour, vegetables, potatoes, ghee, spices",https://placehold.co/1200x800?text=Skyu,Wikipedia,https://en.wikipedia.org/wiki/Skyu
Z1-LD-01,Nubra Evening Snack Skyu,Evening Snack Ladakhi Pasta Stew,Nubra Evening Snack Skyu,North,Ladakh,Nubra,Ladakhi,NA,NA,National,Veg,everyday,snack,,Boiled,"wheat flour, vegetables, potatoes, ghee, spices",https://placehold.co/1200x800?text=Skyu,Wikipedia,https://en.wikipedia.org/wiki/Skyu
Z1-LD-01,Zanskar Lodge Meal Skyu,Lodge Meal Ladakhi Pasta Stew,Zanskar Lodge Meal Skyu,North,Ladakh,Zanskar,Ladakhi,NA,NA,National,Veg,everyday,dinner,,Boiled,"wheat flour, vegetables, potatoes, ghee, spices",https://placehold.co/1200x800?text=Skyu,Wikipedia,https://en.wikipedia.org/wiki/Skyu
Z1-LD-01,Leh Soft Tiffin Skyu,Soft Tiffin Ladakhi Pasta Stew,Leh Soft Tiffin Skyu,North,Ladakh,Leh,Ladakhi,NA,NA,National,Veg,everyday,lunch,,Boiled,"wheat flour, vegetables, potatoes, ghee, spices",https://placehold.co/1200x800?text=Skyu,Wikipedia,https://en.wikipedia.org/wiki/Skyu
Z1-LD-01,Kargil Quick Serve Skyu,Quick Serve Ladakhi Pasta Stew,Kargil Quick Serve Skyu,North,Ladakh,Kargil,Ladakhi,NA,NA,National,Veg,everyday,breakfast,,Boiled,"wheat flour, vegetables, potatoes, ghee, spices",https://placehold.co/1200x800?text=Skyu,Wikipedia,https://en.wikipedia.org/wiki/Skyu
Z1-LD-01,Nubra Courtyard Plate Skyu,Courtyard Plate Ladakhi Pasta Stew,Nubra Courtyard Plate Skyu,North,Ladakh,Nubra,Ladakhi,NA,NA,National,Veg,everyday,lunch,,Boiled,"wheat flour, vegetables, potatoes, ghee, spices",https://placehold.co/1200x800?text=Skyu,Wikipedia,https://en.wikipedia.org/wiki/Skyu
Z1-LD-02,Kargil Home Style Thukpa,Home Style Noodle Soup,Kargil Home Style Thukpa,North,Ladakh,Kargil,Ladakhi,NA,NA,Global,Veg,everyday,lunch,,Boiled,"noodles, vegetables, broth, garlic, ginger, spices",https://placehold.co/1200x800?text=Thukpa,Wikipedia,https://en.wikipedia.org/wiki/Thukpa
Z1-LD-02,Nubra Street Style Thukpa,Street Style Noodle Soup,Nubra Street Style Thukpa,North,Ladakh,Nubra,Ladakhi,NA,NA,Global,Veg,everyday,snack,,Boiled,"noodles, vegetables, broth, garlic, ginger, spices",https://placehold.co/1200x800?text=Thukpa,Wikipedia,https://en.wikipedia.org/wiki/Thukpa
Z1-LD-02,Zanskar Dhaba Style Thukpa,Dhaba Style Noodle Soup,Zanskar Dhaba Style Thukpa,North,Ladakh,Zanskar,Ladakhi,NA,NA,Global,Veg,everyday,lunch,,Boiled,"noodles, vegetables, broth, garlic, ginger, spices",https://placehold.co/1200x800?text=Thukpa,Wikipedia,https://en.wikipedia.org/wiki/Thukpa
Z1-LD-02,Leh Tawa Style Thukpa,Tawa Style Noodle Soup,Leh Tawa Style Thukpa,North,Ladakh,Leh,Ladakhi,NA,NA,Global,Veg,everyday,breakfast,,Boiled,"noodles, vegetables, broth, garlic, ginger, spices",https://placehold.co/1200x800?text=Thukpa,Wikipedia,https://en.wikipedia.org/wiki/Thukpa
Z1-LD-02,Kargil Tandoor Style Thukpa,Tandoor Style Noodle Soup,Kargil Tandoor Style Thukpa,North,Ladakh,Kargil,Ladakhi,NA,NA,Global,Veg,everyday,dinner,,Boiled,"noodles, vegetables, broth, garlic, ginger, spices",https://placehold.co/1200x800?text=Thukpa,Wikipedia,https://en.wikipedia.org/wiki/Thukpa
Z1-LD-02,Nubra Family Thali Thukpa,Family Thali Noodle Soup,Nubra Family Thali Thukpa,North,Ladakh,Nubra,Ladakhi,NA,NA,Global,Veg,everyday,lunch,,Boiled,"noodles, vegetables, broth, garlic, ginger, spices",https://placehold.co/1200x800?text=Thukpa,Wikipedia,https://en.wikipedia.org/wiki/Thukpa
Z1-LD-02,Zanskar Weekend Special Thukpa,Weekend Special Noodle Soup,Zanskar Weekend Special Thukpa,North,Ladakh,Zanskar,Ladakhi,NA,NA,Global,Veg,everyday,lunch,,Boiled,"noodles, vegetables, broth, garlic, ginger, spices",https://placehold.co/1200x800?text=Thukpa,Wikipedia,https://en.wikipedia.org/wiki/Thukpa
Z1-LD-02,Leh Village Plate Thukpa,Village Plate Noodle Soup,Leh Village Plate Thukpa,North,Ladakh,Leh,Ladakhi,NA,NA,Global,Veg,everyday,dinner,,Boiled,"noodles, vegetables, broth, garlic, ginger, spices",https://placehold.co/1200x800?text=Thukpa,Wikipedia,https://en.wikipedia.org/wiki/Thukpa
Z1-LD-02,Kargil Packed Lunch Thukpa,Packed Lunch Noodle Soup,Kargil Packed Lunch Thukpa,North,Ladakh,Kargil,Ladakhi,NA,NA,Global,Veg,everyday,lunch,,Boiled,"noodles, vegetables, broth, garlic, ginger, spices",https://placehold.co/1200x800?text=Thukpa,Wikipedia,https://en.wikipedia.org/wiki/Thukpa
Z1-LD-02,Nubra Late-Night Stall Thukpa,Late-Night Stall Noodle Soup,Nubra Late-Night Stall Thukpa,North,Ladakh,Nubra,Ladakhi,NA,NA,Global,Veg,everyday,snack,,Boiled,"noodles, vegetables, broth, garlic, ginger, spices",https://placehold.co/1200x800?text=Thukpa,Wikipedia,https://en.wikipedia.org/wiki/Thukpa
Z1-LD-02,Zanskar Tea-Time Plate Thukpa,Tea-Time Plate Noodle Soup,Zanskar Tea-Time Plate Thukpa,North,Ladakh,Zanskar,Ladakhi,NA,NA,Global,Veg,everyday,snack,,Boiled,"noodles, vegetables, broth, garlic, ginger, spices",https://placehold.co/1200x800?text=Thukpa,Wikipedia,https://en.wikipedia.org/wiki/Thukpa
Z1-LD-02,Leh Winter Bowl Thukpa,Winter Bowl Noodle Soup,Leh Winter Bowl Thukpa,North,Ladakh,Leh,Ladakhi,NA,NA,Global,Veg,everyday,dinner,,Boiled,"noodles, vegetables, broth, garlic, ginger, spices",https://placehold.co/1200x800?text=Thukpa,Wikipedia,https://en.wikipedia.org/wiki/Thukpa
Z1-LD-02,Kargil Summer Plate Thukpa,Summer Plate Noodle Soup,Kargil Summer Plate Thukpa,North,Ladakh,Kargil,Ladakhi,NA,NA,Global,Veg,everyday,lunch,,Boiled,"noodles, vegetables, broth, garlic, ginger, spices",https://placehold.co/1200x800?text=Thukpa,Wikipedia,https://en.wikipedia.org/wiki/Thukpa
Z1-LD-02,Nubra Smoky Pot Thukpa,Smoky Pot Noodle Soup,Nubra Smoky Pot Thukpa,North,Ladakh,Nubra,Ladakhi,NA,NA,Global,Veg,everyday,dinner,,Boiled,"noodles, vegetables, broth, garlic, ginger, spices",https://placehold.co/1200x800?text=Thukpa,Wikipedia,https://en.wikipedia.org/wiki/Thukpa
Z1-LD-02,Zanskar Crisp Skillet Thukpa,Crisp Skillet Noodle Soup,Zanskar Crisp Skillet Thukpa,North,Ladakh,Zanskar,Ladakhi,NA,NA,Global,Veg,everyday,snack,,Boiled,"noodles, vegetables, broth, garlic, ginger, spices",https://placehold.co/1200x800?text=Thukpa,Wikipedia,https://en.wikipedia.org/wiki/Thukpa
Z1-LD-02,Leh Millet Bowl Thukpa,Millet Bowl Noodle Soup,Leh Millet Bowl Thukpa,North,Ladakh,Leh,Ladakhi,NA,NA,Global,Veg,everyday,breakfast,,Boiled,"noodles, vegetables, broth, garlic, ginger, spices",https://placehold.co/1200x800?text=Thukpa,Wikipedia,https://en.wikipedia.org/wiki/Thukpa
Z1-LD-02,Kargil Picnic Pack Thukpa,Picnic Pack Noodle Soup,Kargil Picnic Pack Thukpa,North,Ladakh,Kargil,Ladakhi,NA,NA,Global,Veg,everyday,lunch,,Boiled,"noodles, vegetables, broth, garlic, ginger, spices",https://placehold.co/1200x800?text=Thukpa,Wikipedia,https://en.wikipedia.org/wiki/Thukpa
Z1-LD-02,Nubra Monsoon Plate Thukpa,Monsoon Plate Noodle Soup,Nubra Monsoon Plate Thukpa,North,Ladakh,Nubra,Ladakhi,NA,NA,Global,Veg,everyday,snack,,Boiled,"noodles, vegetables, broth, garlic, ginger, spices",https://placehold.co/1200x800?text=Thukpa,Wikipedia,https://en.wikipedia.org/wiki/Thukpa
Z1-LD-02,Zanskar Copper Pot Version Thukpa,Copper Pot Version Noodle Soup,Zanskar Copper Pot Version Thukpa,North,Ladakh,Zanskar,Ladakhi,NA,NA,Global,Veg,everyday,dinner,,Boiled,"noodles, vegetables, broth, garlic, ginger, spices",https://placehold.co/1200x800?text=Thukpa,Wikipedia,https://en.wikipedia.org/wiki/Thukpa
Z1-LD-02,Leh Earth-Oven Batch Thukpa,Earth-Oven Batch Noodle Soup,Leh Earth-Oven Batch Thukpa,North,Ladakh,Leh,Ladakhi,NA,NA,Global,Veg,everyday,lunch,,Boiled,"noodles, vegetables, broth, garlic, ginger, spices",https://placehold.co/1200x800?text=Thukpa,Wikipedia,https://en.wikipedia.org/wiki/Thukpa
Z1-LD-02,Kargil Comfort Meal Thukpa,Comfort Meal Noodle Soup,Kargil Comfort Meal Thukpa,North,Ladakh,Kargil,Ladakhi,NA,NA,Global,Veg,everyday,dinner,,Boiled,"noodles, vegetables, broth, garlic, ginger, spices",https://placehold.co/1200x800?text=Thukpa,Wikipedia,https://en.wikipedia.org/wiki/Thukpa
Z1-LD-02,Nubra Market Special Thukpa,Market Special Noodle Soup,Nubra Market Special Thukpa,North,Ladakh,Nubra,Ladakhi,NA,NA,Global,Veg,everyday,snack,,Boiled,"noodles, vegetables, broth, garlic, ginger, spices",https://placehold.co/1200x800?text=Thukpa,Wikipedia,https://en.wikipedia.org/wiki/Thukpa
Z1-LD-02,Zanskar Soft Set Thukpa,Soft Set Noodle Soup,Zanskar Soft Set Thukpa,North,Ladakh,Zanskar,Ladakhi,NA,NA,Global,Veg,everyday,breakfast,,Boiled,"noodles, vegetables, broth, garlic, ginger, spices",https://placehold.co/1200x800?text=Thukpa,Wikipedia,https://en.wikipedia.org/wiki/Thukpa
Z1-LD-02,Leh Flaky Version Thukpa,Flaky Version Noodle Soup,Leh Flaky Version Thukpa,North,Ladakh,Leh,Ladakhi,NA,NA,Global,Veg,everyday,breakfast,,Boiled,"noodles, vegetables, broth, garlic, ginger, spices",https://placehold.co/1200x800?text=Thukpa,Wikipedia,https://en.wikipedia.org/wiki/Thukpa
Z1-LD-02,Kargil Rich Gravy Bowl Thukpa,Rich Gravy Bowl Noodle Soup,Kargil Rich Gravy Bowl Thukpa,North,Ladakh,Kargil,Ladakhi,NA,NA,Global,Veg,everyday,dinner,,Boiled,"noodles, vegetables, broth, garlic, ginger, spices",https://placehold.co/1200x800?text=Thukpa,Wikipedia,https://en.wikipedia.org/wiki/Thukpa
Z1-LD-02,Nubra Travel-Friendly Pack Thukpa,Travel-Friendly Pack Noodle Soup,Nubra Travel-Friendly Pack Thukpa,North,Ladakh,Nubra,Ladakhi,NA,NA,Global,Veg,everyday,lunch,,Boiled,"noodles, vegetables, broth, garlic, ginger, spices",https://placehold.co/1200x800?text=Thukpa,Wikipedia,https://en.wikipedia.org/wiki/Thukpa
Z1-LD-02,Zanskar Rustic Bowl Thukpa,Rustic Bowl Noodle Soup,Zanskar Rustic Bowl Thukpa,North,Ladakh,Zanskar,Ladakhi,NA,NA,Global,Veg,everyday,dinner,,Boiled,"noodles, vegetables, broth, garlic, ginger, spices",https://placehold.co/1200x800?text=Thukpa,Wikipedia,https://en.wikipedia.org/wiki/Thukpa
Z1-LD-02,Leh Festival Plate Thukpa,Festival Plate Noodle Soup,Leh Festival Plate Thukpa,North,Ladakh,Leh,Ladakhi,NA,NA,Global,Veg,occasional,,Prepared during regional festivals and family gatherings.,Boiled,"noodles, vegetables, broth, garlic, ginger, spices",https://placehold.co/1200x800?text=Thukpa,Wikipedia,https://en.wikipedia.org/wiki/Thukpa
Z1-LD-02,Kargil Heritage Platter Thukpa,Heritage Platter Noodle Soup,Kargil Heritage Platter Thukpa,North,Ladakh,Kargil,Ladakhi,NA,NA,Global,Veg,occasional,,Served as a heritage-style preparation on special occasions.,Boiled,"noodles, vegetables, broth, garlic, ginger, spices",https://placehold.co/1200x800?text=Thukpa,Wikipedia,https://en.wikipedia.org/wiki/Thukpa
Z1-LD-02,Nubra Royal Spread Thukpa,Royal Spread Noodle Soup,Nubra Royal Spread Thukpa,North,Ladakh,Nubra,Ladakhi,NA,NA,Global,Veg,occasional,,Associated with ceremonial and royal-style meals.,Boiled,"noodles, vegetables, broth, garlic, ginger, spices",https://placehold.co/1200x800?text=Thukpa,Wikipedia,https://en.wikipedia.org/wiki/Thukpa
Z1-LD-02,Zanskar Family Feast Thukpa,Family Feast Noodle Soup,Zanskar Family Feast Thukpa,North,Ladakh,Zanskar,Ladakhi,NA,NA,Global,Veg,occasional,,Prepared for family celebrations and large community meals.,Boiled,"noodles, vegetables, broth, garlic, ginger, spices",https://placehold.co/1200x800?text=Thukpa,Wikipedia,https://en.wikipedia.org/wiki/Thukpa
Z1-LD-02,Leh Courtyard Feast Thukpa,Courtyard Feast Noodle Soup,Leh Courtyard Feast Thukpa,North,Ladakh,Leh,Ladakhi,NA,NA,Global,Veg,occasional,,Prepared for courtyard gatherings and festive hosting.,Boiled,"noodles, vegetables, broth, garlic, ginger, spices",https://placehold.co/1200x800?text=Thukpa,Wikipedia,https://en.wikipedia.org/wiki/Thukpa
Z1-LD-02,Kargil Heritage Bowl Thukpa,Heritage Bowl Noodle Soup,Kargil Heritage Bowl Thukpa,North,Ladakh,Kargil,Ladakhi,NA,NA,Global,Veg,occasional,,An old-style bowl served during commemorative feasts.,Boiled,"noodles, vegetables, broth, garlic, ginger, spices",https://placehold.co/1200x800?text=Thukpa,Wikipedia,https://en.wikipedia.org/wiki/Thukpa
Z1-LD-02,Nubra Celebration Tray Thukpa,Celebration Tray Noodle Soup,Nubra Celebration Tray Thukpa,North,Ladakh,Nubra,Ladakhi,NA,NA,Global,Veg,occasional,,A celebratory tray served during weddings or major festivals.,Boiled,"noodles, vegetables, broth, garlic, ginger, spices",https://placehold.co/1200x800?text=Thukpa,Wikipedia,https://en.wikipedia.org/wiki/Thukpa
Z1-LD-02,Zanskar Evening Snack Thukpa,Evening Snack Noodle Soup,Zanskar Evening Snack Thukpa,North,Ladakh,Zanskar,Ladakhi,NA,NA,Global,Veg,everyday,snack,,Boiled,"noodles, vegetables, broth, garlic, ginger, spices",https://placehold.co/1200x800?text=Thukpa,Wikipedia,https://en.wikipedia.org/wiki/Thukpa
Z1-LD-02,Leh Lodge Meal Thukpa,Lodge Meal Noodle Soup,Leh Lodge Meal Thukpa,North,Ladakh,Leh,Ladakhi,NA,NA,Global,Veg,everyday,dinner,,Boiled,"noodles, vegetables, broth, garlic, ginger, spices",https://placehold.co/1200x800?text=Thukpa,Wikipedia,https://en.wikipedia.org/wiki/Thukpa
Z1-LD-02,Kargil Soft Tiffin Thukpa,Soft Tiffin Noodle Soup,Kargil Soft Tiffin Thukpa,North,Ladakh,Kargil,Ladakhi,NA,NA,Global,Veg,everyday,lunch,,Boiled,"noodles, vegetables, broth, garlic, ginger, spices",https://placehold.co/1200x800?text=Thukpa,Wikipedia,https://en.wikipedia.org/wiki/Thukpa
Z1-LD-02,Nubra Quick Serve Thukpa,Quick Serve Noodle Soup,Nubra Quick Serve Thukpa,North,Ladakh,Nubra,Ladakhi,NA,NA,Global,Veg,everyday,breakfast,,Boiled,"noodles, vegetables, broth, garlic, ginger, spices",https://placehold.co/1200x800?text=Thukpa,Wikipedia,https://en.wikipedia.org/wiki/Thukpa
Z1-LD-02,Zanskar Courtyard Plate Thukpa,Courtyard Plate Noodle Soup,Zanskar Courtyard Plate Thukpa,North,Ladakh,Zanskar,Ladakhi,NA,NA,Global,Veg,everyday,lunch,,Boiled,"noodles, vegetables, broth, garlic, ginger, spices",https://placehold.co/1200x800?text=Thukpa,Wikipedia,https://en.wikipedia.org/wiki/Thukpa
Z1-CH-01,Sector 17 Home Style Chandigarh Street Chaat,Home Style Chandigarh Street Chaat,Sector 17 Home Style Chandigarh Street Chaat,North,Chandigarh,Sector 17,Punjabi,NA,NA,National,Veg,everyday,lunch,,Raw,"potatoes, chickpeas, chutneys, onion, sev, spices",https://placehold.co/1200x800?text=Chandigarh%20Street%20Chaat,Wikipedia,https://en.wikipedia.org/wiki/Chandigarh
Z1-CH-01,Sector 22 Street Style Chandigarh Street Chaat,Street Style Chandigarh Street Chaat,Sector 22 Street Style Chandigarh Street Chaat,North,Chandigarh,Sector 22,Punjabi,NA,NA,National,Veg,everyday,snack,,Raw,"potatoes, chickpeas, chutneys, onion, sev, spices",https://placehold.co/1200x800?text=Chandigarh%20Street%20Chaat,Wikipedia,https://en.wikipedia.org/wiki/Chandigarh
Z1-CH-01,Manimajra Dhaba Style Chandigarh Street Chaat,Dhaba Style Chandigarh Street Chaat,Manimajra Dhaba Style Chandigarh Street Chaat,North,Chandigarh,Manimajra,Punjabi,NA,NA,National,Veg,everyday,lunch,,Raw,"potatoes, chickpeas, chutneys, onion, sev, spices",https://placehold.co/1200x800?text=Chandigarh%20Street%20Chaat,Wikipedia,https://en.wikipedia.org/wiki/Chandigarh
Z1-CH-01,Tricity Tawa Style Chandigarh Street Chaat,Tawa Style Chandigarh Street Chaat,Tricity Tawa Style Chandigarh Street Chaat,North,Chandigarh,Tricity,Punjabi,NA,NA,National,Veg,everyday,breakfast,,Raw,"potatoes, chickpeas, chutneys, onion, sev, spices",https://placehold.co/1200x800?text=Chandigarh%20Street%20Chaat,Wikipedia,https://en.wikipedia.org/wiki/Chandigarh
Z1-CH-01,Sector 17 Tandoor Style Chandigarh Street Chaat,Tandoor Style Chandigarh Street Chaat,Sector 17 Tandoor Style Chandigarh Street Chaat,North,Chandigarh,Sector 17,Punjabi,NA,NA,National,Veg,everyday,dinner,,Raw,"potatoes, chickpeas, chutneys, onion, sev, spices",https://placehold.co/1200x800?text=Chandigarh%20Street%20Chaat,Wikipedia,https://en.wikipedia.org/wiki/Chandigarh
Z1-CH-01,Sector 22 Family Thali Chandigarh Street Chaat,Family Thali Chandigarh Street Chaat,Sector 22 Family Thali Chandigarh Street Chaat,North,Chandigarh,Sector 22,Punjabi,NA,NA,National,Veg,everyday,lunch,,Raw,"potatoes, chickpeas, chutneys, onion, sev, spices",https://placehold.co/1200x800?text=Chandigarh%20Street%20Chaat,Wikipedia,https://en.wikipedia.org/wiki/Chandigarh
Z1-CH-01,Manimajra Weekend Special Chandigarh Street Chaat,Weekend Special Chandigarh Street Chaat,Manimajra Weekend Special Chandigarh Street Chaat,North,Chandigarh,Manimajra,Punjabi,NA,NA,National,Veg,everyday,lunch,,Raw,"potatoes, chickpeas, chutneys, onion, sev, spices",https://placehold.co/1200x800?text=Chandigarh%20Street%20Chaat,Wikipedia,https://en.wikipedia.org/wiki/Chandigarh
Z1-CH-01,Tricity Village Plate Chandigarh Street Chaat,Village Plate Chandigarh Street Chaat,Tricity Village Plate Chandigarh Street Chaat,North,Chandigarh,Tricity,Punjabi,NA,NA,National,Veg,everyday,dinner,,Raw,"potatoes, chickpeas, chutneys, onion, sev, spices",https://placehold.co/1200x800?text=Chandigarh%20Street%20Chaat,Wikipedia,https://en.wikipedia.org/wiki/Chandigarh
Z1-CH-01,Sector 17 Packed Lunch Chandigarh Street Chaat,Packed Lunch Chandigarh Street Chaat,Sector 17 Packed Lunch Chandigarh Street Chaat,North,Chandigarh,Sector 17,Punjabi,NA,NA,National,Veg,everyday,lunch,,Raw,"potatoes, chickpeas, chutneys, onion, sev, spices",https://placehold.co/1200x800?text=Chandigarh%20Street%20Chaat,Wikipedia,https://en.wikipedia.org/wiki/Chandigarh
Z1-CH-01,Sector 22 Late-Night Stall Chandigarh Street Chaat,Late-Night Stall Chandigarh Street Chaat,Sector 22 Late-Night Stall Chandigarh Street Chaat,North,Chandigarh,Sector 22,Punjabi,NA,NA,National,Veg,everyday,snack,,Raw,"potatoes, chickpeas, chutneys, onion, sev, spices",https://placehold.co/1200x800?text=Chandigarh%20Street%20Chaat,Wikipedia,https://en.wikipedia.org/wiki/Chandigarh
Z1-CH-01,Manimajra Tea-Time Plate Chandigarh Street Chaat,Tea-Time Plate Chandigarh Street Chaat,Manimajra Tea-Time Plate Chandigarh Street Chaat,North,Chandigarh,Manimajra,Punjabi,NA,NA,National,Veg,everyday,snack,,Raw,"potatoes, chickpeas, chutneys, onion, sev, spices",https://placehold.co/1200x800?text=Chandigarh%20Street%20Chaat,Wikipedia,https://en.wikipedia.org/wiki/Chandigarh
Z1-CH-01,Tricity Winter Bowl Chandigarh Street Chaat,Winter Bowl Chandigarh Street Chaat,Tricity Winter Bowl Chandigarh Street Chaat,North,Chandigarh,Tricity,Punjabi,NA,NA,National,Veg,everyday,dinner,,Raw,"potatoes, chickpeas, chutneys, onion, sev, spices",https://placehold.co/1200x800?text=Chandigarh%20Street%20Chaat,Wikipedia,https://en.wikipedia.org/wiki/Chandigarh
Z1-CH-01,Sector 17 Summer Plate Chandigarh Street Chaat,Summer Plate Chandigarh Street Chaat,Sector 17 Summer Plate Chandigarh Street Chaat,North,Chandigarh,Sector 17,Punjabi,NA,NA,National,Veg,everyday,lunch,,Raw,"potatoes, chickpeas, chutneys, onion, sev, spices",https://placehold.co/1200x800?text=Chandigarh%20Street%20Chaat,Wikipedia,https://en.wikipedia.org/wiki/Chandigarh
Z1-CH-01,Sector 22 Smoky Pot Chandigarh Street Chaat,Smoky Pot Chandigarh Street Chaat,Sector 22 Smoky Pot Chandigarh Street Chaat,North,Chandigarh,Sector 22,Punjabi,NA,NA,National,Veg,everyday,dinner,,Raw,"potatoes, chickpeas, chutneys, onion, sev, spices",https://placehold.co/1200x800?text=Chandigarh%20Street%20Chaat,Wikipedia,https://en.wikipedia.org/wiki/Chandigarh
Z1-CH-01,Manimajra Crisp Skillet Chandigarh Street Chaat,Crisp Skillet Chandigarh Street Chaat,Manimajra Crisp Skillet Chandigarh Street Chaat,North,Chandigarh,Manimajra,Punjabi,NA,NA,National,Veg,everyday,snack,,Raw,"potatoes, chickpeas, chutneys, onion, sev, spices",https://placehold.co/1200x800?text=Chandigarh%20Street%20Chaat,Wikipedia,https://en.wikipedia.org/wiki/Chandigarh
Z1-CH-01,Tricity Millet Bowl Chandigarh Street Chaat,Millet Bowl Chandigarh Street Chaat,Tricity Millet Bowl Chandigarh Street Chaat,North,Chandigarh,Tricity,Punjabi,NA,NA,National,Veg,everyday,breakfast,,Raw,"potatoes, chickpeas, chutneys, onion, sev, spices",https://placehold.co/1200x800?text=Chandigarh%20Street%20Chaat,Wikipedia,https://en.wikipedia.org/wiki/Chandigarh
Z1-CH-01,Sector 17 Picnic Pack Chandigarh Street Chaat,Picnic Pack Chandigarh Street Chaat,Sector 17 Picnic Pack Chandigarh Street Chaat,North,Chandigarh,Sector 17,Punjabi,NA,NA,National,Veg,everyday,lunch,,Raw,"potatoes, chickpeas, chutneys, onion, sev, spices",https://placehold.co/1200x800?text=Chandigarh%20Street%20Chaat,Wikipedia,https://en.wikipedia.org/wiki/Chandigarh
Z1-CH-01,Sector 22 Monsoon Plate Chandigarh Street Chaat,Monsoon Plate Chandigarh Street Chaat,Sector 22 Monsoon Plate Chandigarh Street Chaat,North,Chandigarh,Sector 22,Punjabi,NA,NA,National,Veg,everyday,snack,,Raw,"potatoes, chickpeas, chutneys, onion, sev, spices",https://placehold.co/1200x800?text=Chandigarh%20Street%20Chaat,Wikipedia,https://en.wikipedia.org/wiki/Chandigarh
Z1-CH-01,Manimajra Copper Pot Version Chandigarh Street Chaat,Copper Pot Version Chandigarh Street Chaat,Manimajra Copper Pot Version Chandigarh Street Chaat,North,Chandigarh,Manimajra,Punjabi,NA,NA,National,Veg,everyday,dinner,,Raw,"potatoes, chickpeas, chutneys, onion, sev, spices",https://placehold.co/1200x800?text=Chandigarh%20Street%20Chaat,Wikipedia,https://en.wikipedia.org/wiki/Chandigarh
Z1-CH-01,Tricity Earth-Oven Batch Chandigarh Street Chaat,Earth-Oven Batch Chandigarh Street Chaat,Tricity Earth-Oven Batch Chandigarh Street Chaat,North,Chandigarh,Tricity,Punjabi,NA,NA,National,Veg,everyday,lunch,,Raw,"potatoes, chickpeas, chutneys, onion, sev, spices",https://placehold.co/1200x800?text=Chandigarh%20Street%20Chaat,Wikipedia,https://en.wikipedia.org/wiki/Chandigarh
Z1-CH-01,Sector 17 Comfort Meal Chandigarh Street Chaat,Comfort Meal Chandigarh Street Chaat,Sector 17 Comfort Meal Chandigarh Street Chaat,North,Chandigarh,Sector 17,Punjabi,NA,NA,National,Veg,everyday,dinner,,Raw,"potatoes, chickpeas, chutneys, onion, sev, spices",https://placehold.co/1200x800?text=Chandigarh%20Street%20Chaat,Wikipedia,https://en.wikipedia.org/wiki/Chandigarh
Z1-CH-01,Sector 22 Market Special Chandigarh Street Chaat,Market Special Chandigarh Street Chaat,Sector 22 Market Special Chandigarh Street Chaat,North,Chandigarh,Sector 22,Punjabi,NA,NA,National,Veg,everyday,snack,,Raw,"potatoes, chickpeas, chutneys, onion, sev, spices",https://placehold.co/1200x800?text=Chandigarh%20Street%20Chaat,Wikipedia,https://en.wikipedia.org/wiki/Chandigarh
Z1-CH-01,Manimajra Soft Set Chandigarh Street Chaat,Soft Set Chandigarh Street Chaat,Manimajra Soft Set Chandigarh Street Chaat,North,Chandigarh,Manimajra,Punjabi,NA,NA,National,Veg,everyday,breakfast,,Raw,"potatoes, chickpeas, chutneys, onion, sev, spices",https://placehold.co/1200x800?text=Chandigarh%20Street%20Chaat,Wikipedia,https://en.wikipedia.org/wiki/Chandigarh
Z1-CH-01,Tricity Flaky Version Chandigarh Street Chaat,Flaky Version Chandigarh Street Chaat,Tricity Flaky Version Chandigarh Street Chaat,North,Chandigarh,Tricity,Punjabi,NA,NA,National,Veg,everyday,breakfast,,Raw,"potatoes, chickpeas, chutneys, onion, sev, spices",https://placehold.co/1200x800?text=Chandigarh%20Street%20Chaat,Wikipedia,https://en.wikipedia.org/wiki/Chandigarh
Z1-CH-01,Sector 17 Rich Gravy Bowl Chandigarh Street Chaat,Rich Gravy Bowl Chandigarh Street Chaat,Sector 17 Rich Gravy Bowl Chandigarh Street Chaat,North,Chandigarh,Sector 17,Punjabi,NA,NA,National,Veg,everyday,dinner,,Raw,"potatoes, chickpeas, chutneys, onion, sev, spices",https://placehold.co/1200x800?text=Chandigarh%20Street%20Chaat,Wikipedia,https://en.wikipedia.org/wiki/Chandigarh
Z1-CH-01,Sector 22 Travel-Friendly Pack Chandigarh Street Chaat,Travel-Friendly Pack Chandigarh Street Chaat,Sector 22 Travel-Friendly Pack Chandigarh Street Chaat,North,Chandigarh,Sector 22,Punjabi,NA,NA,National,Veg,everyday,lunch,,Raw,"potatoes, chickpeas, chutneys, onion, sev, spices",https://placehold.co/1200x800?text=Chandigarh%20Street%20Chaat,Wikipedia,https://en.wikipedia.org/wiki/Chandigarh
Z1-CH-01,Manimajra Rustic Bowl Chandigarh Street Chaat,Rustic Bowl Chandigarh Street Chaat,Manimajra Rustic Bowl Chandigarh Street Chaat,North,Chandigarh,Manimajra,Punjabi,NA,NA,National,Veg,everyday,dinner,,Raw,"potatoes, chickpeas, chutneys, onion, sev, spices",https://placehold.co/1200x800?text=Chandigarh%20Street%20Chaat,Wikipedia,https://en.wikipedia.org/wiki/Chandigarh
Z1-CH-01,Tricity Festival Plate Chandigarh Street Chaat,Festival Plate Chandigarh Street Chaat,Tricity Festival Plate Chandigarh Street Chaat,North,Chandigarh,Tricity,Punjabi,NA,NA,National,Veg,occasional,,Prepared during regional festivals and family gatherings.,Raw,"potatoes, chickpeas, chutneys, onion, sev, spices",https://placehold.co/1200x800?text=Chandigarh%20Street%20Chaat,Wikipedia,https://en.wikipedia.org/wiki/Chandigarh
Z1-CH-01,Sector 17 Heritage Platter Chandigarh Street Chaat,Heritage Platter Chandigarh Street Chaat,Sector 17 Heritage Platter Chandigarh Street Chaat,North,Chandigarh,Sector 17,Punjabi,NA,NA,National,Veg,occasional,,Served as a heritage-style preparation on special occasions.,Raw,"potatoes, chickpeas, chutneys, onion, sev, spices",https://placehold.co/1200x800?text=Chandigarh%20Street%20Chaat,Wikipedia,https://en.wikipedia.org/wiki/Chandigarh
Z1-CH-01,Sector 22 Royal Spread Chandigarh Street Chaat,Royal Spread Chandigarh Street Chaat,Sector 22 Royal Spread Chandigarh Street Chaat,North,Chandigarh,Sector 22,Punjabi,NA,NA,National,Veg,occasional,,Associated with ceremonial and royal-style meals.,Raw,"potatoes, chickpeas, chutneys, onion, sev, spices",https://placehold.co/1200x800?text=Chandigarh%20Street%20Chaat,Wikipedia,https://en.wikipedia.org/wiki/Chandigarh
Z1-CH-01,Manimajra Family Feast Chandigarh Street Chaat,Family Feast Chandigarh Street Chaat,Manimajra Family Feast Chandigarh Street Chaat,North,Chandigarh,Manimajra,Punjabi,NA,NA,National,Veg,occasional,,Prepared for family celebrations and large community meals.,Raw,"potatoes, chickpeas, chutneys, onion, sev, spices",https://placehold.co/1200x800?text=Chandigarh%20Street%20Chaat,Wikipedia,https://en.wikipedia.org/wiki/Chandigarh
Z1-CH-01,Tricity Courtyard Feast Chandigarh Street Chaat,Courtyard Feast Chandigarh Street Chaat,Tricity Courtyard Feast Chandigarh Street Chaat,North,Chandigarh,Tricity,Punjabi,NA,NA,National,Veg,occasional,,Prepared for courtyard gatherings and festive hosting.,Raw,"potatoes, chickpeas, chutneys, onion, sev, spices",https://placehold.co/1200x800?text=Chandigarh%20Street%20Chaat,Wikipedia,https://en.wikipedia.org/wiki/Chandigarh
Z1-CH-01,Sector 17 Heritage Bowl Chandigarh Street Chaat,Heritage Bowl Chandigarh Street Chaat,Sector 17 Heritage Bowl Chandigarh Street Chaat,North,Chandigarh,Sector 17,Punjabi,NA,NA,National,Veg,occasional,,An old-style bowl served during commemorative feasts.,Raw,"potatoes, chickpeas, chutneys, onion, sev, spices",https://placehold.co/1200x800?text=Chandigarh%20Street%20Chaat,Wikipedia,https://en.wikipedia.org/wiki/Chandigarh
Z1-CH-01,Sector 22 Celebration Tray Chandigarh Street Chaat,Celebration Tray Chandigarh Street Chaat,Sector 22 Celebration Tray Chandigarh Street Chaat,North,Chandigarh,Sector 22,Punjabi,NA,NA,National,Veg,occasional,,A celebratory tray served during weddings or major festivals.,Raw,"potatoes, chickpeas, chutneys, onion, sev, spices",https://placehold.co/1200x800?text=Chandigarh%20Street%20Chaat,Wikipedia,https://en.wikipedia.org/wiki/Chandigarh
Z1-CH-01,Manimajra Evening Snack Chandigarh Street Chaat,Evening Snack Chandigarh Street Chaat,Manimajra Evening Snack Chandigarh Street Chaat,North,Chandigarh,Manimajra,Punjabi,NA,NA,National,Veg,everyday,snack,,Raw,"potatoes, chickpeas, chutneys, onion, sev, spices",https://placehold.co/1200x800?text=Chandigarh%20Street%20Chaat,Wikipedia,https://en.wikipedia.org/wiki/Chandigarh
Z1-CH-01,Tricity Lodge Meal Chandigarh Street Chaat,Lodge Meal Chandigarh Street Chaat,Tricity Lodge Meal Chandigarh Street Chaat,North,Chandigarh,Tricity,Punjabi,NA,NA,National,Veg,everyday,dinner,,Raw,"potatoes, chickpeas, chutneys, onion, sev, spices",https://placehold.co/1200x800?text=Chandigarh%20Street%20Chaat,Wikipedia,https://en.wikipedia.org/wiki/Chandigarh
Z1-CH-01,Sector 17 Soft Tiffin Chandigarh Street Chaat,Soft Tiffin Chandigarh Street Chaat,Sector 17 Soft Tiffin Chandigarh Street Chaat,North,Chandigarh,Sector 17,Punjabi,NA,NA,National,Veg,everyday,lunch,,Raw,"potatoes, chickpeas, chutneys, onion, sev, spices",https://placehold.co/1200x800?text=Chandigarh%20Street%20Chaat,Wikipedia,https://en.wikipedia.org/wiki/Chandigarh
Z1-CH-01,Sector 22 Quick Serve Chandigarh Street Chaat,Quick Serve Chandigarh Street Chaat,Sector 22 Quick Serve Chandigarh Street Chaat,North,Chandigarh,Sector 22,Punjabi,NA,NA,National,Veg,everyday,breakfast,,Raw,"potatoes, chickpeas, chutneys, onion, sev, spices",https://placehold.co/1200x800?text=Chandigarh%20Street%20Chaat,Wikipedia,https://en.wikipedia.org/wiki/Chandigarh
Z1-CH-01,Manimajra Courtyard Plate Chandigarh Street Chaat,Courtyard Plate Chandigarh Street Chaat,Manimajra Courtyard Plate Chandigarh Street Chaat,North,Chandigarh,Manimajra,Punjabi,NA,NA,National,Veg,everyday,lunch,,Raw,"potatoes, chickpeas, chutneys, onion, sev, spices",https://placehold.co/1200x800?text=Chandigarh%20Street%20Chaat,Wikipedia,https://en.wikipedia.org/wiki/Chandigarh
Z1-CH-02,Sector 22 Home Style Tricity Kulcha,Home Style Tricity Kulcha,Sector 22 Home Style Tricity Kulcha,North,Chandigarh,Sector 22,Punjabi,NA,NA,National,Veg,everyday,lunch,,Tandoor/Clay-Oven,"refined flour, potato, paneer, onion, spices, butter",https://placehold.co/1200x800?text=Tricity%20Kulcha,Wikipedia,https://en.wikipedia.org/wiki/Kulcha
Z1-CH-02,Manimajra Street Style Tricity Kulcha,Street Style Tricity Kulcha,Manimajra Street Style Tricity Kulcha,North,Chandigarh,Manimajra,Punjabi,NA,NA,National,Veg,everyday,snack,,Tandoor/Clay-Oven,"refined flour, potato, paneer, onion, spices, butter",https://placehold.co/1200x800?text=Tricity%20Kulcha,Wikipedia,https://en.wikipedia.org/wiki/Kulcha
Z1-CH-02,Tricity Dhaba Style Tricity Kulcha,Dhaba Style Tricity Kulcha,Tricity Dhaba Style Tricity Kulcha,North,Chandigarh,Tricity,Punjabi,NA,NA,National,Veg,everyday,lunch,,Tandoor/Clay-Oven,"refined flour, potato, paneer, onion, spices, butter",https://placehold.co/1200x800?text=Tricity%20Kulcha,Wikipedia,https://en.wikipedia.org/wiki/Kulcha
Z1-CH-02,Sector 17 Tawa Style Tricity Kulcha,Tawa Style Tricity Kulcha,Sector 17 Tawa Style Tricity Kulcha,North,Chandigarh,Sector 17,Punjabi,NA,NA,National,Veg,everyday,breakfast,,Tandoor/Clay-Oven,"refined flour, potato, paneer, onion, spices, butter",https://placehold.co/1200x800?text=Tricity%20Kulcha,Wikipedia,https://en.wikipedia.org/wiki/Kulcha
Z1-CH-02,Sector 22 Tandoor Style Tricity Kulcha,Tandoor Style Tricity Kulcha,Sector 22 Tandoor Style Tricity Kulcha,North,Chandigarh,Sector 22,Punjabi,NA,NA,National,Veg,everyday,dinner,,Tandoor/Clay-Oven,"refined flour, potato, paneer, onion, spices, butter",https://placehold.co/1200x800?text=Tricity%20Kulcha,Wikipedia,https://en.wikipedia.org/wiki/Kulcha
Z1-CH-02,Manimajra Family Thali Tricity Kulcha,Family Thali Tricity Kulcha,Manimajra Family Thali Tricity Kulcha,North,Chandigarh,Manimajra,Punjabi,NA,NA,National,Veg,everyday,lunch,,Tandoor/Clay-Oven,"refined flour, potato, paneer, onion, spices, butter",https://placehold.co/1200x800?text=Tricity%20Kulcha,Wikipedia,https://en.wikipedia.org/wiki/Kulcha
Z1-CH-02,Tricity Weekend Special Tricity Kulcha,Weekend Special Tricity Kulcha,Tricity Weekend Special Tricity Kulcha,North,Chandigarh,Tricity,Punjabi,NA,NA,National,Veg,everyday,lunch,,Tandoor/Clay-Oven,"refined flour, potato, paneer, onion, spices, butter",https://placehold.co/1200x800?text=Tricity%20Kulcha,Wikipedia,https://en.wikipedia.org/wiki/Kulcha
Z1-CH-02,Sector 17 Village Plate Tricity Kulcha,Village Plate Tricity Kulcha,Sector 17 Village Plate Tricity Kulcha,North,Chandigarh,Sector 17,Punjabi,NA,NA,National,Veg,everyday,dinner,,Tandoor/Clay-Oven,"refined flour, potato, paneer, onion, spices, butter",https://placehold.co/1200x800?text=Tricity%20Kulcha,Wikipedia,https://en.wikipedia.org/wiki/Kulcha
Z1-CH-02,Sector 22 Packed Lunch Tricity Kulcha,Packed Lunch Tricity Kulcha,Sector 22 Packed Lunch Tricity Kulcha,North,Chandigarh,Sector 22,Punjabi,NA,NA,National,Veg,everyday,lunch,,Tandoor/Clay-Oven,"refined flour, potato, paneer, onion, spices, butter",https://placehold.co/1200x800?text=Tricity%20Kulcha,Wikipedia,https://en.wikipedia.org/wiki/Kulcha
Z1-CH-02,Manimajra Late-Night Stall Tricity Kulcha,Late-Night Stall Tricity Kulcha,Manimajra Late-Night Stall Tricity Kulcha,North,Chandigarh,Manimajra,Punjabi,NA,NA,National,Veg,everyday,snack,,Tandoor/Clay-Oven,"refined flour, potato, paneer, onion, spices, butter",https://placehold.co/1200x800?text=Tricity%20Kulcha,Wikipedia,https://en.wikipedia.org/wiki/Kulcha
Z1-CH-02,Tricity Tea-Time Plate Tricity Kulcha,Tea-Time Plate Tricity Kulcha,Tricity Tea-Time Plate Tricity Kulcha,North,Chandigarh,Tricity,Punjabi,NA,NA,National,Veg,everyday,snack,,Tandoor/Clay-Oven,"refined flour, potato, paneer, onion, spices, butter",https://placehold.co/1200x800?text=Tricity%20Kulcha,Wikipedia,https://en.wikipedia.org/wiki/Kulcha
Z1-CH-02,Sector 17 Winter Bowl Tricity Kulcha,Winter Bowl Tricity Kulcha,Sector 17 Winter Bowl Tricity Kulcha,North,Chandigarh,Sector 17,Punjabi,NA,NA,National,Veg,everyday,dinner,,Tandoor/Clay-Oven,"refined flour, potato, paneer, onion, spices, butter",https://placehold.co/1200x800?text=Tricity%20Kulcha,Wikipedia,https://en.wikipedia.org/wiki/Kulcha
Z1-CH-02,Sector 22 Summer Plate Tricity Kulcha,Summer Plate Tricity Kulcha,Sector 22 Summer Plate Tricity Kulcha,North,Chandigarh,Sector 22,Punjabi,NA,NA,National,Veg,everyday,lunch,,Tandoor/Clay-Oven,"refined flour, potato, paneer, onion, spices, butter",https://placehold.co/1200x800?text=Tricity%20Kulcha,Wikipedia,https://en.wikipedia.org/wiki/Kulcha
Z1-CH-02,Manimajra Smoky Pot Tricity Kulcha,Smoky Pot Tricity Kulcha,Manimajra Smoky Pot Tricity Kulcha,North,Chandigarh,Manimajra,Punjabi,NA,NA,National,Veg,everyday,dinner,,Tandoor/Clay-Oven,"refined flour, potato, paneer, onion, spices, butter",https://placehold.co/1200x800?text=Tricity%20Kulcha,Wikipedia,https://en.wikipedia.org/wiki/Kulcha
Z1-CH-02,Tricity Crisp Skillet Tricity Kulcha,Crisp Skillet Tricity Kulcha,Tricity Crisp Skillet Tricity Kulcha,North,Chandigarh,Tricity,Punjabi,NA,NA,National,Veg,everyday,snack,,Tandoor/Clay-Oven,"refined flour, potato, paneer, onion, spices, butter",https://placehold.co/1200x800?text=Tricity%20Kulcha,Wikipedia,https://en.wikipedia.org/wiki/Kulcha
Z1-CH-02,Sector 17 Millet Bowl Tricity Kulcha,Millet Bowl Tricity Kulcha,Sector 17 Millet Bowl Tricity Kulcha,North,Chandigarh,Sector 17,Punjabi,NA,NA,National,Veg,everyday,breakfast,,Tandoor/Clay-Oven,"refined flour, potato, paneer, onion, spices, butter",https://placehold.co/1200x800?text=Tricity%20Kulcha,Wikipedia,https://en.wikipedia.org/wiki/Kulcha
Z1-CH-02,Sector 22 Picnic Pack Tricity Kulcha,Picnic Pack Tricity Kulcha,Sector 22 Picnic Pack Tricity Kulcha,North,Chandigarh,Sector 22,Punjabi,NA,NA,National,Veg,everyday,lunch,,Tandoor/Clay-Oven,"refined flour, potato, paneer, onion, spices, butter",https://placehold.co/1200x800?text=Tricity%20Kulcha,Wikipedia,https://en.wikipedia.org/wiki/Kulcha
Z1-CH-02,Manimajra Monsoon Plate Tricity Kulcha,Monsoon Plate Tricity Kulcha,Manimajra Monsoon Plate Tricity Kulcha,North,Chandigarh,Manimajra,Punjabi,NA,NA,National,Veg,everyday,snack,,Tandoor/Clay-Oven,"refined flour, potato, paneer, onion, spices, butter",https://placehold.co/1200x800?text=Tricity%20Kulcha,Wikipedia,https://en.wikipedia.org/wiki/Kulcha
Z1-CH-02,Tricity Copper Pot Version Tricity Kulcha,Copper Pot Version Tricity Kulcha,Tricity Copper Pot Version Tricity Kulcha,North,Chandigarh,Tricity,Punjabi,NA,NA,National,Veg,everyday,dinner,,Tandoor/Clay-Oven,"refined flour, potato, paneer, onion, spices, butter",https://placehold.co/1200x800?text=Tricity%20Kulcha,Wikipedia,https://en.wikipedia.org/wiki/Kulcha
Z1-CH-02,Sector 17 Earth-Oven Batch Tricity Kulcha,Earth-Oven Batch Tricity Kulcha,Sector 17 Earth-Oven Batch Tricity Kulcha,North,Chandigarh,Sector 17,Punjabi,NA,NA,National,Veg,everyday,lunch,,Tandoor/Clay-Oven,"refined flour, potato, paneer, onion, spices, butter",https://placehold.co/1200x800?text=Tricity%20Kulcha,Wikipedia,https://en.wikipedia.org/wiki/Kulcha
Z1-CH-02,Sector 22 Comfort Meal Tricity Kulcha,Comfort Meal Tricity Kulcha,Sector 22 Comfort Meal Tricity Kulcha,North,Chandigarh,Sector 22,Punjabi,NA,NA,National,Veg,everyday,dinner,,Tandoor/Clay-Oven,"refined flour, potato, paneer, onion, spices, butter",https://placehold.co/1200x800?text=Tricity%20Kulcha,Wikipedia,https://en.wikipedia.org/wiki/Kulcha
Z1-CH-02,Manimajra Market Special Tricity Kulcha,Market Special Tricity Kulcha,Manimajra Market Special Tricity Kulcha,North,Chandigarh,Manimajra,Punjabi,NA,NA,National,Veg,everyday,snack,,Tandoor/Clay-Oven,"refined flour, potato, paneer, onion, spices, butter",https://placehold.co/1200x800?text=Tricity%20Kulcha,Wikipedia,https://en.wikipedia.org/wiki/Kulcha
Z1-CH-02,Tricity Soft Set Tricity Kulcha,Soft Set Tricity Kulcha,Tricity Soft Set Tricity Kulcha,North,Chandigarh,Tricity,Punjabi,NA,NA,National,Veg,everyday,breakfast,,Tandoor/Clay-Oven,"refined flour, potato, paneer, onion, spices, butter",https://placehold.co/1200x800?text=Tricity%20Kulcha,Wikipedia,https://en.wikipedia.org/wiki/Kulcha
Z1-CH-02,Sector 17 Flaky Version Tricity Kulcha,Flaky Version Tricity Kulcha,Sector 17 Flaky Version Tricity Kulcha,North,Chandigarh,Sector 17,Punjabi,NA,NA,National,Veg,everyday,breakfast,,Tandoor/Clay-Oven,"refined flour, potato, paneer, onion, spices, butter",https://placehold.co/1200x800?text=Tricity%20Kulcha,Wikipedia,https://en.wikipedia.org/wiki/Kulcha
Z1-CH-02,Sector 22 Rich Gravy Bowl Tricity Kulcha,Rich Gravy Bowl Tricity Kulcha,Sector 22 Rich Gravy Bowl Tricity Kulcha,North,Chandigarh,Sector 22,Punjabi,NA,NA,National,Veg,everyday,dinner,,Tandoor/Clay-Oven,"refined flour, potato, paneer, onion, spices, butter",https://placehold.co/1200x800?text=Tricity%20Kulcha,Wikipedia,https://en.wikipedia.org/wiki/Kulcha
Z1-CH-02,Manimajra Travel-Friendly Pack Tricity Kulcha,Travel-Friendly Pack Tricity Kulcha,Manimajra Travel-Friendly Pack Tricity Kulcha,North,Chandigarh,Manimajra,Punjabi,NA,NA,National,Veg,everyday,lunch,,Tandoor/Clay-Oven,"refined flour, potato, paneer, onion, spices, butter",https://placehold.co/1200x800?text=Tricity%20Kulcha,Wikipedia,https://en.wikipedia.org/wiki/Kulcha
Z1-CH-02,Tricity Rustic Bowl Tricity Kulcha,Rustic Bowl Tricity Kulcha,Tricity Rustic Bowl Tricity Kulcha,North,Chandigarh,Tricity,Punjabi,NA,NA,National,Veg,everyday,dinner,,Tandoor/Clay-Oven,"refined flour, potato, paneer, onion, spices, butter",https://placehold.co/1200x800?text=Tricity%20Kulcha,Wikipedia,https://en.wikipedia.org/wiki/Kulcha
Z1-CH-02,Sector 17 Festival Plate Tricity Kulcha,Festival Plate Tricity Kulcha,Sector 17 Festival Plate Tricity Kulcha,North,Chandigarh,Sector 17,Punjabi,NA,NA,National,Veg,occasional,,Prepared during regional festivals and family gatherings.,Tandoor/Clay-Oven,"refined flour, potato, paneer, onion, spices, butter",https://placehold.co/1200x800?text=Tricity%20Kulcha,Wikipedia,https://en.wikipedia.org/wiki/Kulcha
Z1-CH-02,Sector 22 Heritage Platter Tricity Kulcha,Heritage Platter Tricity Kulcha,Sector 22 Heritage Platter Tricity Kulcha,North,Chandigarh,Sector 22,Punjabi,NA,NA,National,Veg,occasional,,Served as a heritage-style preparation on special occasions.,Tandoor/Clay-Oven,"refined flour, potato, paneer, onion, spices, butter",https://placehold.co/1200x800?text=Tricity%20Kulcha,Wikipedia,https://en.wikipedia.org/wiki/Kulcha
Z1-CH-02,Manimajra Royal Spread Tricity Kulcha,Royal Spread Tricity Kulcha,Manimajra Royal Spread Tricity Kulcha,North,Chandigarh,Manimajra,Punjabi,NA,NA,National,Veg,occasional,,Associated with ceremonial and royal-style meals.,Tandoor/Clay-Oven,"refined flour, potato, paneer, onion, spices, butter",https://placehold.co/1200x800?text=Tricity%20Kulcha,Wikipedia,https://en.wikipedia.org/wiki/Kulcha
Z1-CH-02,Tricity Family Feast Tricity Kulcha,Family Feast Tricity Kulcha,Tricity Family Feast Tricity Kulcha,North,Chandigarh,Tricity,Punjabi,NA,NA,National,Veg,occasional,,Prepared for family celebrations and large community meals.,Tandoor/Clay-Oven,"refined flour, potato, paneer, onion, spices, butter",https://placehold.co/1200x800?text=Tricity%20Kulcha,Wikipedia,https://en.wikipedia.org/wiki/Kulcha
Z1-CH-02,Sector 17 Courtyard Feast Tricity Kulcha,Courtyard Feast Tricity Kulcha,Sector 17 Courtyard Feast Tricity Kulcha,North,Chandigarh,Sector 17,Punjabi,NA,NA,National,Veg,occasional,,Prepared for courtyard gatherings and festive hosting.,Tandoor/Clay-Oven,"refined flour, potato, paneer, onion, spices, butter",https://placehold.co/1200x800?text=Tricity%20Kulcha,Wikipedia,https://en.wikipedia.org/wiki/Kulcha
Z1-CH-02,Sector 22 Heritage Bowl Tricity Kulcha,Heritage Bowl Tricity Kulcha,Sector 22 Heritage Bowl Tricity Kulcha,North,Chandigarh,Sector 22,Punjabi,NA,NA,National,Veg,occasional,,An old-style bowl served during commemorative feasts.,Tandoor/Clay-Oven,"refined flour, potato, paneer, onion, spices, butter",https://placehold.co/1200x800?text=Tricity%20Kulcha,Wikipedia,https://en.wikipedia.org/wiki/Kulcha
Z1-CH-02,Manimajra Celebration Tray Tricity Kulcha,Celebration Tray Tricity Kulcha,Manimajra Celebration Tray Tricity Kulcha,North,Chandigarh,Manimajra,Punjabi,NA,NA,National,Veg,occasional,,A celebratory tray served during weddings or major festivals.,Tandoor/Clay-Oven,"refined flour, potato, paneer, onion, spices, butter",https://placehold.co/1200x800?text=Tricity%20Kulcha,Wikipedia,https://en.wikipedia.org/wiki/Kulcha
Z1-CH-02,Tricity Evening Snack Tricity Kulcha,Evening Snack Tricity Kulcha,Tricity Evening Snack Tricity Kulcha,North,Chandigarh,Tricity,Punjabi,NA,NA,National,Veg,everyday,snack,,Tandoor/Clay-Oven,"refined flour, potato, paneer, onion, spices, butter",https://placehold.co/1200x800?text=Tricity%20Kulcha,Wikipedia,https://en.wikipedia.org/wiki/Kulcha
Z1-CH-02,Sector 17 Lodge Meal Tricity Kulcha,Lodge Meal Tricity Kulcha,Sector 17 Lodge Meal Tricity Kulcha,North,Chandigarh,Sector 17,Punjabi,NA,NA,National,Veg,everyday,dinner,,Tandoor/Clay-Oven,"refined flour, potato, paneer, onion, spices, butter",https://placehold.co/1200x800?text=Tricity%20Kulcha,Wikipedia,https://en.wikipedia.org/wiki/Kulcha
Z1-CH-02,Sector 22 Soft Tiffin Tricity Kulcha,Soft Tiffin Tricity Kulcha,Sector 22 Soft Tiffin Tricity Kulcha,North,Chandigarh,Sector 22,Punjabi,NA,NA,National,Veg,everyday,lunch,,Tandoor/Clay-Oven,"refined flour, potato, paneer, onion, spices, butter",https://placehold.co/1200x800?text=Tricity%20Kulcha,Wikipedia,https://en.wikipedia.org/wiki/Kulcha
Z1-CH-02,Manimajra Quick Serve Tricity Kulcha,Quick Serve Tricity Kulcha,Manimajra Quick Serve Tricity Kulcha,North,Chandigarh,Manimajra,Punjabi,NA,NA,National,Veg,everyday,breakfast,,Tandoor/Clay-Oven,"refined flour, potato, paneer, onion, spices, butter",https://placehold.co/1200x800?text=Tricity%20Kulcha,Wikipedia,https://en.wikipedia.org/wiki/Kulcha
Z1-CH-02,Tricity Courtyard Plate Tricity Kulcha,Courtyard Plate Tricity Kulcha,Tricity Courtyard Plate Tricity Kulcha,North,Chandigarh,Tricity,Punjabi,NA,NA,National,Veg,everyday,lunch,,Tandoor/Clay-Oven,"refined flour, potato, paneer, onion, spices, butter",https://placehold.co/1200x800?text=Tricity%20Kulcha,Wikipedia,https://en.wikipedia.org/wiki/Kulcha
